#	分類	項目	ファイル	placeName	ref	要素	行	根拠・原文語句
0	A	AIND-D00001	AIND-D00001_932540579843.xml	مكة	gn:104515	event[type=residence n=1 cert=low]	8	قطنها (المكي قطنها)
1	A	AIND-D00001	AIND-D00001_932540579843.xml	مكة	gn:104515	event[type=other n=2]	9	زوج بها
2	C	AIND-D00008	AIND-D00008_591279423508.xml	القاهرة	gn:360630	birth[when-custom=0860 when=1455 cert=low]	9	القاهري المولد والدار（出生地の明示）
3	C	AIND-D00008	AIND-D00008_591279423508.xml	القاهرة	gn:360630	event[type=residence n=1]	16	القاهري المولد والدار（居住の明示）
4	B	AIND-D00008	AIND-D00008_591279423508.xml	مكة	gn:104515	event[type=religious subtype=hajj n=2 cert=low]	17	حج
5	A	AIND-D00016	AIND-D00016_953897975842.xml	بجاية	gn:2505329	state[n=1 type=office ref=wd:Q217029]	12	البجائي قاضيها
6	D	AIND-D00020	AIND-D00020_492541313064.xml	مكة	gn:104515	event[type=residence subtype=jāwara n=2 when-custom=0890 cert=medium]	10	جاور（規則20: 付けない）
7	E	AIND-D00031	AIND-D00031_579627647029.xml	الخليل	gn:285066	state[n=1 type=office ref=wd:Q217029]	21	بلده: الخليلي … ولى قضاء بلده（名詞＋所有代名詞で故地を指示）
8	E	AIND-D00039	AIND-D00039_950701916231.xml	تنس	#TMP-L-00138	state[n=1 type=office ref=#TMP-O-00037]	17	التونسي شيخ الكتبة في قطره（قطره で指示。さらに ref TMP-L-00138 تنس はニスバ التونسي＝تونس と不一致の疑い）
9	D	AIND-D00060	AIND-D00060_996411441289.xml	بعلبك	gn:172041	event[type=residence n=1]	55	ニスバ البعلي
10	D	AIND-D00094	AIND-D00094_913175478502.xml	طرابلس	gn:266826	birth[when-custom=0740 when=1339 cert=low]	11	ニスバ الطرابلسي الأصل（الأصل は出身家系で出生地の明示ではない）
11	A	AIND-D00129	AIND-D00129_199665647930.xml	مكة	gn:104515	event[type=learning when=0871]	15	هناك（先行詞 حج）: وحضر عندي هناك
12	B	AIND-D00129	AIND-D00129_199665647930.xml	مكة	gn:104515	event[type=religious subtype=hajj n=1 when-custom=0871 cert=high]	26	حج
13	A	AIND-D00129	AIND-D00129_199665647930.xml	مكة	gn:104515	event[type=study n=2 when-custom=0871 cert=high]	30	هناك（先行詞 حج）: وحضر عندي هناك
14	D	AIND-D00167	AIND-D00167_273267294605.xml	القاهرة	gn:360630	state[n=1 type=office ref=#TMP-O-00072]	17	ニスバ القاهري／施設 البيمارستان المنصوري の所在地
15	C	AIND-D00239	AIND-D00239_419778527772.xml	المعلاة	wd:Q42004	death[when-custom=0880-01 when=1475-05]	13	بمعلاتها（المعلاة＋代名詞）
16	C	AIND-D00241	AIND-D00241_408621679138.xml	الشام	#TMP-L-00002	state[n=1 type=office ref=#TMP-O-00014]	19	بائشام（بالشام の誤植）
17	C	AIND-D00241	AIND-D00241_408621679138.xml	الشام	#TMP-L-00002	event[type=political n=1 when-custom=0869 cert=high]	22	بائشام（بالشام の誤植）
18	B	AIND-D00318	AIND-D00318_523608523461.xml	مكة	gn:104515	event[type=religious subtype=hajj n=1 when-custom=0887 cert=high]	27	حج
19	B	AIND-D00323	AIND-D00323_980573749967.xml	مكة	gn:104515	event[type=religious subtype=hajj n=2 when-custom=0865 cert=high]	13	حج
20	E	AIND-D00323	AIND-D00323_980573749967.xml	الشام	#TMP-L-00002	event[type=travel n=3 when-custom=0865 cert=high]	14	رجع مع الركب الشامي（隊商名の形容詞からの推定。帰着地としては原文不明）
21	C	AIND-D00401	AIND-D00401_711043580769.xml	تبريز	#TMP-L-00060	event[type=political n=1 cert=low]	21	توريز（تبريز の異綴）
22	D	AIND-D00413	AIND-D00413_177427448721.xml	القاهرة	gn:360630	state[n=1 type=office ref=#TMP-O-00014]	11	施設 جامع طولون の所在地（من ناحية جامع طولون）
23	B	AIND-D00414	AIND-D00414_781939901338.xml	مكة	gn:104515	event[type=religious subtype=hajj n=1 cert=low]	18	حج
24	B	AIND-D00426	AIND-D00426_167507919793.xml	مكة	gn:104515	event[type=religious subtype=hajj n=3 when-custom=0806 cert=high]	25	حج
25	B	AIND-D00426	AIND-D00426_167507919793.xml	مكة	gn:104515	event[type=religious subtype=hajj n=4 cert=low]	26	حج
26	B	AIND-D00443	AIND-D00443_656798647255.xml	مكة	gn:104515	event[type=religious subtype=hajj n=1 when-custom=0888 cert=high]	28	حج
27	D	AIND-D00444	AIND-D00444_322625864663.xml	مكة	gn:104515	event[type=learning when-custom=0897]	20	ニスバ المكي／師の جاور（حين جاور）
28	B	AIND-D00449	AIND-D00449_277537096669.xml	مكة	gn:104515	event[type=religious subtype=hajj n=3]	94	حج
29	D	AIND-D00475	AIND-D00475_300026954763.xml	المدينة	gn:109223	state[n=1 type=office ref=wd:Q239718]	18	ニスバ المدني
30	D	AIND-D00483	AIND-D00483_565878719509.xml	دمشق	gn:170654	event[type=residence n=1 cert=low]	17	ニスバ الدمشقي／من أعيان الدماشقة（複数形ニスバ）
31	C	AIND-D00488	AIND-D00488_877796525084.xml	المدرسة البرقوقية	#TMP-I-00029	event[type=learning]	17	دروس البرقوقية（施設名の展開）
32	C	AIND-D00488	AIND-D00488_877796525084.xml	الخانقاه الباسطية	#TMP-I-00021	event[type=other n=2]	36	صوفية الباسطية … بجوارها（施設名の展開）
33	D	AIND-D00566	AIND-D00566_913385194704.xml	القاهرة	gn:360630	state[n=1 type=office ref=#TMP-O-00213]	17	施設 الشيخونية の所在地
34	D	AIND-D00574	AIND-D00574_276401764660.xml	حلب	gn:170063	event[type=study n=1 when-custom=0839 cert=high]	21	師 البرهان الحلبي のニスバ（قدم عليه）
35	E	AIND-D00592	AIND-D00592_864404112641.xml	بعلبك	gn:277130	event[type=learning when=0790]	12	بلده: البعلي … سمع ببلده
36	E	AIND-D00592	AIND-D00592_864404112641.xml	بعلبك	gn:277130	event[type=learning when=0790]	18	بلده: البعلي … سمع ببلده
37	E	AIND-D00592	AIND-D00592_864404112641.xml	بعلبك	gn:277130	event[type=learning when=0790]	27	بلده: البعلي … سمع ببلده
38	E	AIND-D00592	AIND-D00592_864404112641.xml	بعلبك	gn:277130	event[type=residence n=1 when-custom=0790 cert=high]	31	بلده: البعلي … سمع ببلده
39	A	AIND-D00610	AIND-D00610_923069842728.xml	مكة	gn:104515	event[type=learning when=880s]	13	هناك（先行詞 حج وجاور）: ولازمني في السماع هناك
40	B	AIND-D00610	AIND-D00610_923069842728.xml	مكة	gn:104515	event[type=religious subtype=hajj n=1 cert=low]	22	حج
41	D	AIND-D00610	AIND-D00610_923069842728.xml	مكة	gn:104515	event[type=residence subtype=jāwara n=2 when-custom=880s cert=medium]	26	جاور（規則20: 付けない）
42	C	AIND-D00635	AIND-D00635_859190592862.xml	خانقاه الباسطية	#TMP-I-00021	state[n=1 type=office ref=wd:Q215536]	24	بحانوت في الباسطية（施設名の展開）
43	A	AIND-D00679	AIND-D00679_820934346149.xml	مكة	gn:104515	death[when-custom=0892-08 when=1487-08]	10	مات بها
44	E	AIND-D00679	AIND-D00679_820934346149.xml	مكة	gn:104515	event[type=residence n=1]	13	居住イベント: 代名詞 بها は職・死亡にかかり、居住自体はニスバ المكي のみ（الفراش بها／مات بها）
45	A	AIND-D00679	AIND-D00679_820934346149.xml	مكة	gn:104515	state[n=1 type=office ref=#TMP-O-00033]	17	الفراش بها
46	A	AIND-D00705	AIND-D00705_163850487273.xml	بيت المقدس	gn:281184	death[when-custom=0854-11-12 when=1450-12-26]	8	ومات به
47	D	AIND-D00705	AIND-D00705_163850487273.xml	بيت المقدس	gn:281184	state[n=1 type=office ref=#TMP-O-00017]	15	ニスバ المقدسي（كتب في الاستدعاآت に地の明示なし）
48	E	AIND-D00728	AIND-D00728_306314216987.xml	مكة	gn:104515	death[when-custom=0819 when=1416]	9	حج 文脈の死（فأدركه أجله بعد الحج في النفر…ودفن بالمعلاة）。規則20は hajj イベントのみ
49	B	AIND-D00728	AIND-D00728_306314216987.xml	مكة	gn:104515	event[type=religious subtype=hajj n=1 when-custom=0819 cert=high]	18	حج
50	A	AIND-D00728	AIND-D00728_306314216987.xml	ينبع	#TMP-L-00081	state[n=1 type=office ref=wd:Q217029]	23	الينبعي قاضيها
51	B	AIND-D00740	AIND-D00740_896670893613.xml	مكة	gn:104515	event[type=religious subtype=hajj n=1 when-custom=0898 cert=high]	22	حج
52	B	AIND-D00762	AIND-D00762_186508117602.xml	مكة	gn:104515	event[type=religious subtype=hajj n=1 cert=low]	37	حج
53	C	AIND-D00780	AIND-D00780_397942982279.xml	الهند	#TMP-L-00039	birth[]	11	الهندي المولد（出生地の明示）
54	D	AIND-D00824	AIND-D00824_956360034001.xml	دمشق	gn:170654	event[type=residence n=1]	15	ニスバ الدمشقي
55	D	AIND-D00856	AIND-D00856_192824739609.xml	المدينة	gn:109223	event[type=residence n=1]	13	ニスバ المدني
56	B	AIND-D00863	AIND-D00863_929155778348.xml	مكة	gn:104515	event[type=religious subtype=hajj n=1]	15	حج
57	D	AIND-D00875	AIND-D00875_320872646478.xml	القاهرة	gn:360630	death[when-custom=0892-05-17 when=1487-05-20]	8	施設 جامع الحاكم の所在地（سكن بقرب باب زيادة جامع الحاكم）
58	D	AIND-D00875	AIND-D00875_320872646478.xml	القاهرة	gn:360630	event[type=residence n=1]	26	施設 جامع الحاكم の所在地（سكن بقرب باب زيادة جامع الحاكم）
59	C	AIND-D00889	AIND-D00889_383892064103.xml	مكة	gn:104515	state[n=1 type=office ref=#TMP-O-00033]	19	بالحرم المكي（施設名の複合語）
60	C	AIND-D00889	AIND-D00889_383892064103.xml	مكة	gn:104515	state[n=2 type=office ref=#TMP-O-00229]	25	بالحرم المكي（施設名の複合語）
61	C	AIND-D00890	AIND-D00890_940199380841.xml	القاهرة	gn:360630	birth[]	12	القاهري المولد（出生地の明示）
62	D	AIND-D00890	AIND-D00890_940199380841.xml	القاهرة	gn:360630	event[type=learning when=0891]	21	サハーウィーの住居 بمنزلي の所在地からの補完
63	D	AIND-D00890	AIND-D00890_940199380841.xml	القاهرة	gn:360630	event[type=learning when=0891]	28	サハーウィーの住居 بمنزلي の所在地からの補完
64	D	AIND-D00890	AIND-D00890_940199380841.xml	القاهرة	gn:360630	event[type=learning when=0891]	32	サハーウィーの住居 بمنزلي の所在地からの補完
65	A	AIND-D00902	AIND-D00902_414976051079.xml	المدينة	gn:109223	event[type=learning]	15	في مجاورتي بها
66	C	AIND-D00902	AIND-D00902_414976051079.xml	المدينة	gn:109223	state[n=1 type=office ref=#TMP-O-00033]	23	بالحرم المدني（施設名の複合語）
67	D	AIND-D00947	AIND-D00947_285174925288.xml	القاهرة	gn:360630	event[type=learning]	16	サハーウィーの所在からの補完（قدم علي、地名なし）
68	D	AIND-D00947	AIND-D00947_285174925288.xml	القاهرة	gn:360630	event[type=learning]	23	サハーウィーの所在からの補完（قدم علي、地名なし）
69	D	AIND-D00947	AIND-D00947_285174925288.xml	القاهرة	gn:360630	event[type=learning]	30	サハーウィーの所在からの補完（قدم علي、地名なし）
70	B	AIND-D00968	AIND-D00968_339407276056.xml	مكة	gn:104515	event[type=religious subtype=hajj n=1 cert=low]	6	حج
71	D	AIND-D00968	AIND-D00968_339407276056.xml	مكة	gn:104515	event[type=residence subtype=jāwara n=2 when-custom=0886 cert=high]	7	جاور（規則20: 付けない）
72	A	AIND-D01020	AIND-D01020_316967749763.xml	مكة	gn:104515	death[when-custom=0868-03 when=1463-11]	9	مات بها
73	E	AIND-D01020	AIND-D01020_316967749763.xml	مكة	gn:104515	event[type=residence n=1 cert=low]	13	居住イベント: 代名詞 بها は死亡にかかり、居住自体はニスバ المكي のみ
74	A	AIND-D01029	AIND-D01029_855667378331.xml	مكة	gn:104515	death[when-custom=0876-01 when=1471-06]	11	مات بها
75	B	AIND-D01034	AIND-D01034_440800381096.xml	مكة	gn:104515	event[type=religious subtype=hajj n=1]	24	حج
76	D	AIND-D01044	AIND-D01044_553362917576.xml	القاهرة	gn:360630	event[type=residence n=1]	16	ニスバ ثم القاهري
77	B	AIND-D01103	AIND-D01103_124658911573.xml	مكة	gn:104515	event[type=religious subtype=hajj n=1 cert=low]	9	حج
78	D	AIND-D01134	AIND-D01134_927603886479.xml	القاهرة	gn:360630	event[type=residence n=1]	26	ニスバ ثم القاهري
79	D	AIND-D01173	AIND-D01173_943449967057.xml	القاهرة	gn:360630	event[type=residence n=1]	15	ニスバ القاهري
80	A	AIND-D01256	AIND-D01256_714591963771.xml	حلب	gn:170063	state[n=1 type=office ref=wd:Q217029]	12	الحلبي قاضيها
81	E	AIND-D01314	AIND-D01314_606378920680.xml	بعلبك	gn:277130	event[type=learning when=0895]	13	بلده: البعلي … سمع ببلده
82	A	AIND-D01327	AIND-D01327_895018339080.xml	المدينة	gn:109223	event[type=learning]	11	ممن أخذ عني بها
83	B	AIND-D01340	AIND-D01340_282331187998.xml	مكة	gn:104515	event[type=religious subtype=hajj n=1]	11	حج
84	D	AIND-D01340	AIND-D01340_282331187998.xml	مكة	gn:104515	event[type=residence subtype=jāwara n=2]	12	جاور（規則20: 付けない）
85	D	AIND-D01378	AIND-D01378_160159501182.xml	مصر	gn:352261	event[type=residence n=1 cert=low]	16	ニスバ المصري الأصل
86	D	AIND-D01412	AIND-D01412_280527637438.xml	الكرك	#TMP-L-00052	event[type=residence n=1]	13	ニスバ الكركي
87	A	AIND-D01424	AIND-D01424_670614686686.xml	مكة	gn:104515	death[when-custom=0874-12 when=1470-06]	8	مات بها
88	E	AIND-D01424	AIND-D01424_670614686686.xml	مكة	gn:104515	event[type=residence n=1]	15	居住イベント: 代名詞 بها は死亡にかかり、居住自体はニスバ المكي のみ
89	D	AIND-D01460	AIND-D01460_126554737729.xml	القاهرة	gn:360630	state[n=1 type=office ref=#TMP-O-00010]	14	ニスバ القاهري（職 كاتب に勤務地の明示なし）
90	E	AIND-D01479	AIND-D01479_273221160031.xml	الاسكندرية	gn:361058	state[n=1 type=office ref=#TMP-O-00088]	17	بلده: السكندري … رياسة الإقراء ببلده
91	E	AIND-D01497	AIND-D01497_595083660413.xml	حمص	gn:170017	state[n=1 type=office ref=wd:Q217029]	16	بلده: الحمصي … ولي قضاء الحنابلة ببلده
92	D	AIND-D01512	AIND-D01512_216744856757.xml	القاهرة	gn:360630	state[n=1 type=office ref=#TMP-O-00002]	29	施設 سعيد السعداء の所在地
93	D	AIND-D01564	AIND-D01564_648091274530.xml	القاهرة	gn:360630	event[type=residence n=2 cert=low]	11	施設 الصرغتمشية の所在地／ニスバ القاهري
94	D	AIND-D01564	AIND-D01564_648091274530.xml	القاهرة	gn:360630	state[n=1 type=office ref=#TMP-O-00020]	19	施設 الصرغتمشية の所在地／ニスバ القاهري
95	D	AIND-D01592	AIND-D01592_821555105117.xml	دمشق	gn:170654	state[n=1 type=office ref=#TMP-O-00082]	20	施設 الجامع الاموي の所在地／ニスバ الدمشقي
96	D	AIND-D01624	AIND-D01624_544856870306.xml	دمشق	gn:170654	state[n=1 type=office ref=#TMP-O-00090]	13	施設 الجامع الأموي の所在地
97	D	AIND-D01643	AIND-D01643_888403922370.xml	القاهرة	gn:360630	event[type=residence n=1]	14	ニスバ ثم القاهري
98	C	AIND-D01681	AIND-D01681_622208224796.xml	المعلاة	wd:Q42004	death[when-custom=0862-07 when=1458-05]	11	بمعلاتها（المعلاة＋代名詞）
99	E	AIND-D01702	AIND-D01702_790429175377.xml	القاهرة	gn:360630	state[n=2 type=office ref=#TMP-O-00084]	29	原文 أحد المقدمين بمصر … ثم أمير مجلس（مصر を القاهرة と同定。職の勤務地の継続解釈）
100	B	AIND-D01712	AIND-D01712_761580752487.xml	مكة	gn:104515	event[type=religious subtype=hajj n=1]	17	حج
101	D	AIND-D01723	AIND-D01723_115611799168.xml	بانياس		birth[when-custom=0733 when=1332]	9	ニスバ البانياسي
102	D	AIND-D01723	AIND-D01723_115611799168.xml	بانياس		event[type=residence n=1 cert=low]	29	ニスバ البانياسي
103	D	AIND-D01723	AIND-D01723_115611799168.xml	دمشق	gn:170654	event[type=residence n=2 cert=low]	30	ニスバ ثم الدمشقي
104	A	AIND-D01729	AIND-D01729_661999586954.xml	صفد	gn:293100	state[n=1 type=office ref=wd:Q217029]	16	الصفدي قاضيها／ولي قضاءها
105	A	AIND-D01729	AIND-D01729_661999586954.xml	صفد	gn:293100	event[type=political n=1 cert=low]	19	ولي قضاءها
106	C	AIND-D01730	AIND-D01730_267122642574.xml	الحسينية	#TMP-L-00007	event[type=residence n=1]	15	الحسيني سكنا（居住地の明示）
107	A	AIND-D01750	AIND-D01750_532487868112.xml	دمشق	gn:170654	death[when-custom=0859-05-05 when=1455-05-02]	10	مات بها（先行詞は الدمشقي。原文には بدمش もあり）
108	E	AIND-D01750	AIND-D01750_532487868112.xml	دمشق	gn:170654	event[type=residence n=1]	17	居住イベント: 代名詞 بها は職・死亡にかかり、居住自体はニスバ الدمشقي（ほか ولم يخلف بدمش）
109	A	AIND-D01750	AIND-D01750_532487868112.xml	دمشق	gn:170654	state[n=1 type=office ref=#TMP-O-00090]	22	رئيس المؤذنين بجامعها
110	A	AIND-D01751	AIND-D01751_381258043088.xml	دمشق	gn:170654	event[type=residence n=1]	17	الدمشقي المقيم فيها
111	C	AIND-D01760	AIND-D01760_460878515966.xml	المقس	#TMP-L-00084	state[n=2 type=office ref=wd:Q932945]	19	بجامع المقسي（施設名の複合語）
112	C	AIND-D01766	AIND-D01766_562879794950.xml	الغربية	#TMP-L-00046	state[n=1 type=office ref=#TMP-O-00089]	16	بالغرية（الغربية の誤植。Waka 2026-07-09 確認済）
113	C	AIND-D01817	AIND-D01817_488393150399.xml	زاوية جامع الظاهر على الطريق		death[when-custom=0860-11-16 when=1456-10-25]	9	دفن في زاوية هناك على الطريق（هناك＝باب جامع الظاهر の展開）
114	D	AIND-D01817	AIND-D01817_488393150399.xml	القاهرة	gn:360630	event[type=residence n=1]	15	施設 جامع الظاهر の所在地（المجاور بباب جامع الظاهر）
115	E	AIND-D01826	AIND-D01826_394063253474.xml	مكة	gn:104515	death[when-custom=0860 when=1455]	9	規則23案件（死地 مكة は弟子 D09908 の本文にのみあり。規則22-1 の対象外）
116	A	AIND-D01831	AIND-D01831_931533950965.xml	غزة	#TMP-L-00042	event[type=religious n=1]	13	في بلده … ولأهلها … مات بها
117	A	AIND-D01865	AIND-D01865_451818819671.xml	مكة	gn:104515	death[when-custom=0893-01 when=1487-12]	9	مات بها
118	E	AIND-D01882	AIND-D01882_295815876755.xml	مكة	gn:104515	state[n=3 type=office ref=#TMP-O-00134]	24	職 أمير الحج（تأمر على الحج）への مكة。規則20 の職への拡張可否
119	B	AIND-D01905	AIND-D01905_404888752331.xml	مكة	gn:104515	event[type=religious subtype=hajj n=1]	14	حج
120	D	AIND-D01905	AIND-D01905_404888752331.xml	مكة	gn:104515	event[type=residence subtype=jāwara n=2]	18	جاور（規則20: 付けない）
121	D	AIND-D01917	AIND-D01917_945412903151.xml	حلب	gn:170063	event[type=learning when=0836]	16	師 البرهان الحلبي のニスバ
122	B	AIND-D01962	AIND-D01962_515362525520.xml	مكة	gn:104515	event[type=religious subtype=hajj n=1]	29	حج
123	B	AIND-D02069	AIND-D02069_303684391473.xml	مكة	gn:104515	event[type=religious subtype=hajj n=1 cert=low]	8	حج
124	B	AIND-D02075	AIND-D02075_526208995901.xml	مكة	gn:104515	event[type=religious subtype=hajj n=1 cert=low]	16	حج
125	D	AIND-D02133	AIND-D02133_978145252059.xml	القاهرة	gn:360630	event[type=residence n=1]	17	ニスバ القاهري
126	A	AIND-D02183	AIND-D02183_982612185902.xml	مكة	gn:104515	death[when-custom=0867-04 when=1463-01]	9	مات بها
127	E	AIND-D02183	AIND-D02183_982612185902.xml	مكة	gn:104515	event[type=residence n=1]	13	居住イベント: 代名詞 بها は死亡にかかり、居住自体はニスバ المكي（ほか عطارا بباب السلام）
128	A	AIND-D02195	AIND-D02195_739325776707.xml	مكة	gn:104515	death[when-custom=0874-09 when=1470-03]	9	مات بها
129	B	AIND-D02233	AIND-D02233_872293602192.xml	مكة	gn:104515	event[type=religious subtype=hajj n=1 when-custom=0897 cert=high]	12	حج
130	D	AIND-D02233	AIND-D02233_872293602192.xml	القاهرة	gn:360630	state[n=1 type=office ref=#TMP-O-00101]	16	職 امرة عشرة の勤務地（原文に地名なし）
131	D	AIND-D02233	AIND-D02233_872293602192.xml	القاهرة	gn:360630	event[type=political n=2]	22	職 امرة عشرة の勤務地（原文に地名なし）
132	D	AIND-D02257	AIND-D02257_618726953930.xml	القاهرة	gn:360630	death[when-custom=0819-02 when=1416-04]	9	職 إمرة الحج の本拠からの補完（وقدم… مات、地名なし）
133	B	AIND-D02257	AIND-D02257_618726953930.xml	مكة	gn:104515	event[type=religious subtype=hajj n=1 when-custom=0818 cert=high]	13	حج
134	D	AIND-D02257	AIND-D02257_618726953930.xml	القاهرة	gn:360630	event[type=visit n=2 when-custom=0819 cert=high]	14	職 إمرة الحج の本拠からの補完（وقدم في أول التي تليها、地名なし）
135	D	AIND-D02257	AIND-D02257_618726953930.xml	القاهرة	gn:360630	state[n=1 type=office ref=#TMP-O-00131]	18	職 شاد الشربخاناة の勤務地（原文に地名なし）
136	E	AIND-D02257	AIND-D02257_618726953930.xml	مكة	gn:104515	state[n=2 type=office ref=#TMP-O-00134]	24	職 إمرة الحج への مكة。規則20 の職への拡張可否
137	D	AIND-D02260	AIND-D02260_617724515274.xml	مكة	gn:104515	event[type=residence n=1]	12	ニスバ المكي
138	D	AIND-D02260	AIND-D02260_617724515274.xml	مكة	gn:104515	state[n=1 type=office ref=#TMP-O-00094]	16	ニスバ المكي（القائد من أعيانهم）
139	B	AIND-D02268	AIND-D02268_908196844508.xml	مكة	gn:104515	event[type=religious subtype=hajj n=1]	12	حج
140	E	AIND-D02268	AIND-D02268_908196844508.xml	مكة	gn:104515	state[n=3 type=office ref=#TMP-O-00158]	24	職 أمير المحمل（حج أمير المحمل）への مكة。規則20 の職への拡張可否
141	D	AIND-D02320	AIND-D02320_291504133190.xml	القاهرة	gn:360630	event[type=learning when=0892]	12	サハーウィーの所在からの補完（سمع مني、地名なし）
142	D	AIND-D02320	AIND-D02320_291504133190.xml	القاهرة	gn:360630	event[type=learning when=0892]	18	サハーウィーの所在からの補完（سمع مني、地名なし）
143	D	AIND-D02320	AIND-D02320_291504133190.xml	القاهرة	gn:360630	event[type=visit n=1 cert=low]	22	サハーウィーの所在からの補完（تردد الي、地名なし）
144	C	AIND-D02328	AIND-D02328_370004726863.xml	المعلاة	wd:Q42004	death[when-custom=0849-11 when=1446-02]	10	بمعلاتها（المعلاة＋代名詞）
145	A	AIND-D02337	AIND-D02337_795256820840.xml	مكة	gn:104515	death[when-custom=0818-10 when=1415-12]	8	مات بها
146	E	AIND-D02337	AIND-D02337_795256820840.xml	مكة	gn:104515	event[type=residence n=1]	16	居住イベント: 代名詞 بها は死亡にかかり、居住自体はニスバ المكي
147	C	AIND-D02387	AIND-D02387_129868240130.xml	مصلى المؤمني	#TMP-L-00151	event[type=other n=3 when-custom=0873-09]	29	بالمؤمني（施設名の展開）
148	A	AIND-D02472	AIND-D02472_717800609181.xml	اليمن	#TMP-L-00037	state[n=1 type=office ref=#TMP-O-00014]	15	اليماني أحد عظماء الأمراء بها
149	D	AIND-D02489	AIND-D02489_876445963702.xml	القاهرة	gn:360630	state[n=2 type=office ref=wd:Q2892720]	26	施設 الأشرفية برسباي の所在地／ニスバ القاهري
150	D	AIND-D02491	AIND-D02491_161304548794.xml	القاهرة	gn:360630	state[n=1 type=office ref=wd:Q3595924]	16	施設 جامع الأزهر の所在地
151	D	AIND-D02493	AIND-D02493_524321560005.xml	القاهرة	gn:360630	event[type=residence n=1]	14	ニスバ القاهري
152	C	AIND-D02498	AIND-D02498_439378515407.xml	بيت المقدس	gn:281184	state[n=1 type=office ref=#TMP-O-00053]	20	نائب القدس（القدس は بيت المقدس の異称）
153	D	AIND-D02498	AIND-D02498_439378515407.xml	القاهرة	gn:360630	state[n=2 type=office ref=#TMP-O-00063]	25	職 دوادار ثاني の勤務地（原文に地名なし）
154	D	AIND-D02498	AIND-D02498_439378515407.xml	القاهرة	gn:360630	event[type=political n=3 cert=medium]	38	スルタン（الناصر）の所在からの補完（جيئ به فحبسه الناصر、地名なし）
155	E	AIND-D02501	AIND-D02501_775845582291.xml	صفد	gn:293100	event[type=residence n=1 when-custom=0816 cert=low]	11	بلده: الصفدي كان ممن يعتقد ببلده … زاوية في حارة يعقوب منها
156	A	AIND-D02502	AIND-D02502_716525540820.xml	مكة	gn:104515	death[when-custom=0830 when=1426]	9	مات بها
157	E	AIND-D02502	AIND-D02502_716525540820.xml	مكة	gn:104515	event[type=residence n=1]	12	居住イベント: 代名詞 بها は死亡にかかり、居住自体はニスバ المكي
158	E	AIND-D02526	AIND-D02526_704122983934.xml	طرابلس	gn:266826	state[n=1 type=office ref=wd:Q217029]	22	بلده: الطرابلسي … كان قاضي الحنفية ببلده
159	D	AIND-D02527	AIND-D02527_877846861313.xml	القاهرة	gn:360630	event[type=residence n=1]	24	ニスバ ثم القاهري
160	C	AIND-D02581	AIND-D02581_513718359668.xml	المعلاة	wd:Q42004	death[when-custom=0857-05 when=1453-05]	10	بمعلاتها（المعلاة＋代名詞）
161	D	AIND-D02596	AIND-D02596_666793678483.xml	مكة	gn:104515	event[type=learning]	15	サハーウィーの مجاورة（في مجاورتي الرابعة والخامسة）／ニスバ المكي
162	D	AIND-D02596	AIND-D02596_666793678483.xml	مكة	gn:104515	event[type=learning]	21	サハーウィーの مجاورة（في مجاورتي الرابعة والخامسة）／ニスバ المكي
163	D	AIND-D02596	AIND-D02596_666793678483.xml	مكة	gn:104515	event[type=residence subtype=jāwara n=1]	24	جاور（しかもサハーウィー自身の مجاورة。規則20: 付けない）
164	C	AIND-D02613	AIND-D02613_551643256495.xml	نابلس	gn:282615	birth[]	10	النابلسي المولد（出生地の明示）
165	C	AIND-D02613	AIND-D02613_551643256495.xml	غزة	#TMP-L-00042	event[type=residence n=1]	21	الغزي الدار（居住地の明示）
166	D	AIND-D02622	AIND-D02622_413889730226.xml	المدينة	gn:109223	event[type=residence n=1]	18	ニスバ المدني
167	A	AIND-D02643	AIND-D02643_734821574839.xml	مكة	gn:104515	death[when-custom=0872-03 when=1467-10]	9	مات فيها
168	B	AIND-D02654	AIND-D02654_437826623235.xml	مكة	gn:104515	event[type=religious subtype=hajj n=3]	25	حج
169	D	AIND-D02654	AIND-D02654_437826623235.xml	مكة	gn:104515	event[type=residence subtype=jāwara n=4]	26	جاور（規則20: 付けない）
170	D	AIND-D02662	AIND-D02662_965230991123.xml	القاهرة	gn:360630	event[type=learning]	15	ニスバ القاهري／サハーウィーの所在（لازمني）
171	D	AIND-D02662	AIND-D02662_965230991123.xml	القاهرة	gn:360630	event[type=residence n=1]	18	ニスバ القاهري
172	D	AIND-D02662	AIND-D02662_965230991123.xml	القاهرة	gn:360630	event[type=religious n=1]	24	ニスバ القاهري
173	D	AIND-D02669	AIND-D02669_144883848992.xml	القاهرة	gn:360630	event[type=political n=1]	14	施設 خان السبيل／حبس الديلم の所在地（地名なし）
174	D	AIND-D02669	AIND-D02669_144883848992.xml	القاهرة	gn:360630	event[type=political n=2]	20	施設 حبس الديلم の所在地／スルタンの所在（地名なし）
175	A	AIND-D02676	AIND-D02676_114487727915.xml	جدة	#TMP-L-00036	death[when-custom=0843-01 when=1439-06]	9	الجدي مات بها
176	C	AIND-D02676	AIND-D02676_114487727915.xml	المعلاة	wd:Q42004	death[when-custom=0843-01 when=1439-06]	11	بمعلاتها（المعلاة＋代名詞）
177	A	AIND-D02695	AIND-D02695_918472890217.xml	مكة	gn:104515	death[when-custom=0842-04 when=1438-09]	9	مات بها
178	D	AIND-D02698	AIND-D02698_383686547310.xml	القاهرة	gn:360630	event[type=residence n=1]	28	ニスバ ثم القاهري／施設 باب البرقية の所在地
179	D	AIND-D02706	AIND-D02706_484790245259.xml	القاهرة	gn:360630	event[type=residence n=1]	17	ニスバ القاهري
180	D	AIND-D02706	AIND-D02706_484790245259.xml	القاهرة	gn:360630	state[n=1 type=office ref=#TMP-O-00148]	21	施設 البيمارستان の所在地
181	D	AIND-D02744	AIND-D02744_762496471760.xml	المدينة	gn:109223	event[type=residence n=1]	25	ニスバ المدنى
182	D	AIND-D02764	AIND-D02764_218988812284.xml	القاهرة	gn:360630	event[type=study n=1]	21	師（شيخنا＝ابن حجر）の所在からの補完（ارتحل لشيخنا、地名なし）
183	E	AIND-D02767	AIND-D02767_758128842751.xml	مصر	gn:352261	death[when-custom=0841 when=1437]	9	死地: صار أحد العشرات بالديار المصرية حتى مات（在職地の継続から死地を推定）
184	C	AIND-D02767	AIND-D02767_758128842751.xml	مصر	gn:352261	event[type=residence n=1]	16	بالديار المصرية（مصر の語形展開）
185	C	AIND-D02767	AIND-D02767_758128842751.xml	مصر	gn:352261	state[n=1 type=office ref=#TMP-O-00101]	21	بالديار المصرية（مصر の語形展開）
186	C	AIND-D02767	AIND-D02767_758128842751.xml	مصر	gn:352261	event[type=political n=1]	24	بالديار المصرية（مصر の語形展開）
187	D	AIND-D02773	AIND-D02773_338950101015.xml	دمشق	gn:170654	death[when-custom=0860-09 when=1456-08]	12	ニスバ الدمشقي／墓地 مقبرة الباب الصغير の所在地
188	D	AIND-D02773	AIND-D02773_338950101015.xml	دمشق	gn:170654	event[type=residence n=1]	27	ニスバ الدمشقي
189	D	AIND-D02773	AIND-D02773_338950101015.xml	دمشق	gn:170654	state[n=1 type=office ref=wd:Q352842]	39	施設 المسرورية の所在地
190	D	AIND-D02773	AIND-D02773_338950101015.xml	دمشق	gn:170654	state[n=2 type=office ref=wd:Q352842]	45	施設 المجاهدية の所在地
191	D	AIND-D02784	AIND-D02784_854509754418.xml	حلب	gn:170063	event[type=residence n=1]	23	ニスバ الحلبي ثم الدمشقي
192	D	AIND-D02784	AIND-D02784_854509754418.xml	صالحية (دمشق)	#TMP-L-00003	event[type=residence n=3]	25	ニスバ الصالحي
193	D	AIND-D02794	AIND-D02794_425432455241.xml	مكة	gn:104515	death[when-custom=0888-05 when=1483-06]	14	ニスバ المكي／墓地 المعلاة の所在地
194	D	AIND-D02922	AIND-D02922_107252554088.xml	دمشق	gn:170654	event[type=residence n=1]	15	ニスバ الدمشقي
195	C	AIND-D02926	AIND-D02926_751774472571.xml	المعلاة	wd:Q42004	death[when-custom=0849-09 when=1445-12]	11	بمعلاتها（المعلاة＋代名詞）
196	C	AIND-D02930	AIND-D02930_797374945663.xml	حرمين | القدس والخليل	#TMP-L-00034	state[n=1 type=office ref=#TMP-O-00039]	13	نظر الحرمين（原文 الحرمين の同定）
197	D	AIND-D02939	AIND-D02939_231957600664.xml	القاهرة	gn:360630	state[n=1 type=office ref=#TMP-O-00166]	16	職 صيرفي المفرد の勤務地（原文に地名なし）
198	D	AIND-D02939	AIND-D02939_231957600664.xml	القاهرة	gn:360630	state[n=2 type=office ref=#TMP-O-00167]	22	職 صيرفي الدولة の勤務地（原文に地名なし）
199	B	AIND-D02954	AIND-D02954_819910941127.xml	مكة	gn:104515	event[type=religious subtype=hajj n=1 when-custom=0893 cert=high]	7	حج
200	C	AIND-D02954	AIND-D02954_819910941127.xml	حرمين | مكة والمدينة	#TMP-L-00197	event[type=visit n=2 when-custom=0893 cert=high]	8	لفقراء الحرمين（原文 الحرمين）
201	C	AIND-D02954	AIND-D02954_819910941127.xml	حرمين | مكة والمدينة	#TMP-L-00197	event[type=other n=1 when-custom=0893 cert=high]	15	لفقراء الحرمين（原文 الحرمين）
202	C	AIND-D02964	AIND-D02964_732374201746.xml	ينبع	#TMP-L-00081	event[type=residence n=1 when-custom=0887 cert=high]	13	أمير الينبوع（ينبع の異綴）
203	D	AIND-D02964	AIND-D02964_732374201746.xml	ينبع	#TMP-L-00081	event[type=visit n=2 when-custom=0898 cert=high]	14	職（أمير الينبوع）の勤務地からの補完（ورأيته اذ ذاك、地名なし）
204	C	AIND-D02964	AIND-D02964_732374201746.xml	ينبع	#TMP-L-00081	state[n=1 type=office ref=#TMP-O-00014]	19	أمير الينبوع（ينبع の異綴）
205	B	AIND-D02978	AIND-D02978_249292659178.xml	مكة	gn:104515	event[type=religious subtype=hajj n=1 when-custom=0887 cert=high]	14	حج
206	D	AIND-D02981	AIND-D02981_688130103796.xml	المدينة	gn:109223	state[n=2 type=office ref=#TMP-O-00049]	18	施設 الحجرة النبوية の所在地
207	A	AIND-D02987	AIND-D02987_497738062348.xml	مكة	gn:104515	death[when-custom=0853-01 when=1449-03]	9	مات بها
208	D	AIND-D02987	AIND-D02987_497738062348.xml	مكة	gn:104515	state[n=1 type=office ref=wd:Q242468]	19	ニスバ المكي（الخياط に地の明示なし）
209	D	AIND-D03003	AIND-D03003_109601364518.xml	المدينة	gn:109223	event[type=residence n=1]	20	施設 الحرم النبوي の所在地
210	D	AIND-D03003	AIND-D03003_109601364518.xml	المدينة	gn:109223	state[n=1 type=office ref=#TMP-O-00033]	24	施設 الحرم النبوي の所在地
211	D	AIND-D03004	AIND-D03004_310164593191.xml	القاهرة	gn:360630	event[type=residence n=1]	11	ニスバ القاهري
212	D	AIND-D03004	AIND-D03004_310164593191.xml	القاهرة	gn:360630	state[n=1 type=office ref=wd:Q3595924]	15	ニスバ القاهري
213	D	AIND-D03004	AIND-D03004_310164593191.xml	القاهرة	gn:360630	state[n=2 type=office ref=#TMP-O-00171]	20	ニスバ القاهري／施設 الجوق
214	D	AIND-D03004	AIND-D03004_310164593191.xml	القاهرة	gn:360630	state[n=3 type=office ref=#TMP-O-00050]	26	ニスバ القاهري
215	D	AIND-D03004	AIND-D03004_310164593191.xml	القاهرة	gn:360630	state[n=4 type=office ref=#TMP-O-00172]	31	施設 الخشابية の所在地
216	D	AIND-D03004	AIND-D03004_310164593191.xml	القاهرة	gn:360630	state[n=5 type=office ref=wd:Q932945]	37	ニスバ القاهري
217	D	AIND-D03008	AIND-D03008_349930789420.xml	المنوفية	#TMP-L-00070	event[type=residence n=1]	17	ニスバ المنوفي
218	D	AIND-D03008	AIND-D03008_349930789420.xml	القاهرة	gn:360630	event[type=residence n=2]	18	ニスバ ثم القاهري
219	D	AIND-D03008	AIND-D03008_349930789420.xml	القاهرة	gn:360630	state[n=1 type=office ref=wd:Q2892720]	30	施設 الخانقاه الصلاحية の所在地
220	B	AIND-D03012	AIND-D03012_656026901041.xml	مكة	gn:104515	event[type=religious subtype=hajj n=1]	26	حج
221	D	AIND-D03013	AIND-D03013_808460491313.xml	القاهرة	gn:360630	event[type=residence n=2]	14	ニスバ ثم القاهري
222	D	AIND-D03013	AIND-D03013_808460491313.xml	القاهرة	gn:360630	state[n=1 type=office ref=#TMP-O-00173]	18	ニスバ ثم القاهري（職 المهتار に地の明示なし）
223	D	AIND-D03013	AIND-D03013_808460491313.xml	القاهرة	gn:360630	state[n=2 type=office ref=#TMP-O-00174]	23	ニスバ ثم القاهري（職に地の明示なし）
224	D	AIND-D03021	AIND-D03021_947858184767.xml	القاهرة	gn:360630	event[type=residence n=1]	15	施設・街区 دار الخفرة／الخرازين の所在地
225	D	AIND-D03028	AIND-D03028_139603221075.xml	القاهرة	gn:360630	event[type=residence n=1]	12	施設 خانقاه شيخو／جامع ابن طولون の所在地
226	D	AIND-D03028	AIND-D03028_139603221075.xml	القاهرة	gn:360630	state[n=1 type=office ref=#TMP-O-00184]	24	施設 السبيل … بزيادة جامع ابن طولون の所在地
227	D	AIND-D03056	AIND-D03056_991881599631.xml	مكة	gn:104515	state[n=1 type=office ref=wd:Q239718]	28	ニスバ المكي（المؤذن に地の明示なし）
228	D	AIND-D03056	AIND-D03056_991881599631.xml	مكة	gn:104515	state[n=2 type=office ref=#TMP-O-00178]	33	ニスバ المكي（الصائغ に地の明示なし）
229	D	AIND-D03064	AIND-D03064_289625086628.xml	القاهرة	gn:360630	event[type=residence n=1]	18	ニスバ ثم القاهري
230	D	AIND-D03077	AIND-D03077_569099950783.xml	القاهرة	gn:360630	event[type=residence n=1]	17	施設 جامع الحاكم の所在地
231	D	AIND-D03078	AIND-D03078_651266366148.xml	القاهرة	gn:360630	death[when-custom=0854-02 when=1450-03]	7	施設 قلعة الجبل／الرميلة の所在地
232	D	AIND-D03091	AIND-D03091_697005251292.xml	مكة	gn:104515	event[type=residence n=1]	14	ニスバ ثم المكي
233	D	AIND-D03206	AIND-D03206_319673080776.xml	القاهرة	gn:360630	event[type=political n=1]	20	職 الحسبة の勤務地（原文に地名なし）
234	D	AIND-D03244	AIND-D03244_666848205870.xml	القاهرة	gn:360630	event[type=study n=1 when-custom=0810 cert=high]	13	施設 الشيخونية の所在地
235	D	AIND-D03246	AIND-D03246_266078264375.xml	القاهرة	gn:360630	state[n=1 type=office ref=#TMP-O-00015]	19	職 خاصكية の勤務地（原文に地名なし）
236	C	AIND-D03259	AIND-D03259_814647090257.xml	مدرسته بالقنوات	#TMP-I-00139	death[when-custom=0887-06 when=1482-07]	8	المدرسة التي بالقنوات … ودفن بمدرسته（施設名の展開）
237	E	AIND-D03265	AIND-D03265_477886422113.xml	دمشق	gn:170654	state[n=1 type=office ref=#TMP-O-00063]	18	原文 قجماس نائب الشام（الشام を دمشق と同定し、主君の任地を本人の職の勤務地とした）
238	A	AIND-D03268	AIND-D03268_604793478253.xml	مكة	gn:104515	death[when-custom=0865-06 when=1461-03]	9	مات بها
239	B	AIND-D03277	AIND-D03277_258817924212.xml	مكة	gn:104515	event[type=religious subtype=hajj n=2]	19	حج
240	D	AIND-D03277	AIND-D03277_258817924212.xml	القاهرة	gn:360630	state[n=1 type=office ref=#TMP-O-00032]	23	施設 البيبرسية の所在地
241	D	AIND-D03287	AIND-D03287_647684430986.xml	القاهرة	gn:360630	state[n=1 type=office ref=#TMP-O-00032]	26	施設 البيبرسية の所在地
242	B	AIND-D03289	AIND-D03289_438891977868.xml	مكة	gn:104515	event[type=religious subtype=hajj n=1]	13	حج
243	C	AIND-D03301	AIND-D03301_826214980787.xml	المعلاة	wd:Q42004	death[when-custom=0860-06 when=1456-05]	10	بمعلاتها（المعلاة＋代名詞）
244	D	AIND-D03322	AIND-D03322_111715294434.xml	القاهرة	gn:360630	state[n=1 type=office ref=#TMP-O-00116]	18	施設 دار الضرب の所在地
245	A	AIND-D03326	AIND-D03326_882498346217.xml	مكة	gn:104515	death[when-custom=0859-01 when=1454-12]	10	مات بها
246	E	AIND-D03326	AIND-D03326_882498346217.xml	مكة	gn:104515	event[type=residence n=1]	14	居住イベント: 代名詞 بها は死亡にかかり、居住自体はニスバ المكي
247	D	AIND-D03374	AIND-D03374_449046388055.xml	القاهرة	gn:360630	death[when-custom=0886-04 when=1481-06]	10	施設 الأزهر の所在地（صلى عليه بالأزهر）
248	D	AIND-D03374	AIND-D03374_449046388055.xml	القاهرة	gn:360630	event[type=residence n=1]	18	ニスバ ثم القاهري
249	D	AIND-D03374	AIND-D03374_449046388055.xml	القاهرة	gn:360630	state[n=1 type=office ref=wd:Q242468]	26	ニスバ ثم القاهري（الخياطة に地の明示なし）
250	D	AIND-D03380	AIND-D03380_765653425500.xml	القاهرة	gn:360630	event[type=residence n=1]	14	ニスバ القاهري
251	D	AIND-D03380	AIND-D03380_765653425500.xml	القاهرة	gn:360630	state[n=1 type=office ref=#TMP-O-00029]	22	施設 زاوية سيدي يحيى البلخي の所在地
252	C	AIND-D03399	AIND-D03399_471209090441.xml	مصر	gn:352261	event[type=residence n=1]	14	أحد أمراء الديار المصرية（مصر の語形展開）
253	C	AIND-D03399	AIND-D03399_471209090441.xml	مصر	gn:352261	state[n=1 type=office ref=#TMP-O-00014]	18	أحد أمراء الديار المصرية（مصر の語形展開）
254	E	AIND-D03399	AIND-D03399_471209090441.xml	مصر	gn:352261	state[n=2 type=office ref=#TMP-O-00107]	23	رأس نوبة في الدولة الناصرية（الديار المصرية は前句の أمراء にかかる。職の勤務地の継続解釈）
255	B	AIND-D03408	AIND-D03408_355391774120.xml	مكة	gn:104515	event[type=religious subtype=hajj n=1 when-custom=0826 cert=high]	10	حج
256	A	AIND-D03410	AIND-D03410_876634709417.xml	مكة	gn:104515	death[when-custom=0848-12 when=1445-03]	13	مات بها
257	D	AIND-D03417	AIND-D03417_532328488376.xml	القاهرة	gn:360630	event[type=residence n=1]	25	ニスバ ثم القاهري
258	B	AIND-D03417	AIND-D03417_532328488376.xml	مكة	gn:104515	event[type=religious subtype=hajj n=2]	26	حج
259	C	AIND-D03434	AIND-D03434_790030720469.xml	مصر	gn:352261	state[n=3 type=office ref=#TMP-O-00083]	32	أحد المقدمين بالديار المصرية（مصر の語形展開）
260	A	AIND-D03464	AIND-D03464_280917712417.xml	مكة	gn:104515	death[when-custom=0857-05 when=1453-05]	11	مات بها
261	A	AIND-D03477	AIND-D03477_563752214077.xml	وهران	gn:2485926	state[n=1 type=office ref=wd:Q217029]	14	الوهراني قاضيها
262	D	AIND-D03494	AIND-D03494_607419113062.xml	القاهرة	gn:360630	event[type=residence n=1]	15	ニスバ القاهري
263	A	AIND-D03514	AIND-D03514_850831351451.xml	زبيد	#TMP-L-00041	event[type=residence n=1]	17	هناك（先行詞はニスバ الزبيدي）: أحد الفضلاء هناك
264	D	AIND-D03525	AIND-D03525_810540867244.xml	المدينة	gn:109223	event[type=residence n=1]	23	ニスバ المدني
265	D	AIND-D03527	AIND-D03527_582341369521.xml	القاهرة	gn:360630	event[type=residence n=1]	21	ニスバ ثم القاهري
266	D	AIND-D03527	AIND-D03527_582341369521.xml	طرابلس	gn:266826	event[type=residence n=2]	22	ニスバ الطرابلسي
267	D	AIND-D03527	AIND-D03527_582341369521.xml	المغرب	#TMP-L-00040	event[type=residence n=3]	23	ニスバ المغربي
268	D	AIND-D03538	AIND-D03538_786444590786.xml	برما	#TMP-L-00183	event[type=residence n=1]	20	ニスバ البرماوي
269	D	AIND-D03538	AIND-D03538_786444590786.xml	القاهرة	gn:360630	event[type=residence n=2]	21	ニスバ ثم القاهري
270	B	AIND-D03548	AIND-D03548_385729175247.xml	مكة	gn:104515	event[type=religious subtype=hajj n=1 when-custom=0841 cert=high]	18	حج
271	E	AIND-D03592	AIND-D03592_746149912354.xml	مكة	gn:104515	event[type=travel n=1 when-custom=0897-10 cert=high]	19	فقدمها … وجلس بباب السلام（代名詞 ها の先行詞が原文になく、施設 باب السلام からのみ مكة と定まる）
272	D	AIND-D03592	AIND-D03592_746149912354.xml	القاهرة	gn:360630	state[n=1 type=office ref=#TMP-O-00050]	24	ニスバ القاهري（الشهادة に地の明示なし）
273	A	AIND-D03610	AIND-D03610_475659247436.xml	مكة	gn:104515	death[when-custom=0868-08 when=1464-04]	9	مات شابا بها
274	E	AIND-D03610	AIND-D03610_475659247436.xml	مكة	gn:104515	event[type=residence n=1]	12	居住イベント: 代名詞 بها は死亡にかかり、居住自体はニスバ المكي
275	E	AIND-D03617	AIND-D03617_746581925729.xml	القاهرة	gn:360630	event[type=teaching when=0855]	10	استدعاءاتي المصرية（形容詞 المصرية を القاهرة と同定）
276	C	AIND-D03621	AIND-D03621_962089459562.xml	المعلاة	wd:Q42004	death[when-custom=0862-06 when=1458-04]	12	بمعلاتها（المعلاة＋代名詞）
277	D	AIND-D03625	AIND-D03625_169189842801.xml	القاهرة	gn:360630	event[type=residence n=1]	13	ニスバ القاهري
278	D	AIND-D03642	AIND-D03642_174504025999.xml	القاهرة	gn:360630	event[type=residence n=1]	13	ニスバ القاهري
279	C	AIND-D03642	AIND-D03642_174504025999.xml	دمشق	gn:170654	event[type=other n=2]	14	الدمشقي الأصل（出自の明示。event の内容が「出自」）
280	C	AIND-D03644	AIND-D03644_829578813340.xml	تربة بكتمر الحاجب بباب النصر	#NEEDID	death[when-custom=0850-07-08 when=1446-10-08]	8	المدرسة والدار … بباب النصر بكتمر الحاجب … دفن بتربتهم（施設名の展開）
281	A	AIND-D03646	AIND-D03646_341227610014.xml	مكة	gn:104515	birth[when-custom=0812 when=1409]	13	ولد بها
282	A	AIND-D03646	AIND-D03646_341227610014.xml	مكة	gn:104515	event[type=learning]	25	وسمع بها
283	A	AIND-D03646	AIND-D03646_341227610014.xml	مكة	gn:104515	event[type=learning]	31	وسمع بها
284	A	AIND-D03646	AIND-D03646_341227610014.xml	مكة	gn:104515	event[type=learning]	37	وسمع بها
285	D	AIND-D03652	AIND-D03652_918992986029.xml	دمشق	gn:170654	event[type=residence n=1]	26	ニスバ الدمشقي
286	E	AIND-D03653	AIND-D03653_947409395629.xml	سمهود	#TMP-L-00270	state[n=1 type=office ref=#TMP-O-00003]	16	بلده: السمهودي … ناب في القضاء ببلده
287	A	AIND-D03674	AIND-D03674_595444375515.xml	غزة	#TMP-L-00042	death[when-custom=0882-08-30 when=1477-12-16]	10	مات بها
288	E	AIND-D03674	AIND-D03674_595444375515.xml	غزة	#TMP-L-00042	event[type=residence n=1]	18	居住イベント: 代名詞は職（ناظر جيشها）・死亡（مات بها）にかかり、居住自体はニスバ الغزي
289	A	AIND-D03674	AIND-D03674_595444375515.xml	غزة	#TMP-L-00042	state[n=1 type=office ref=#TMP-O-00031]	22	ناظر جيشها
290	A	AIND-D03674	AIND-D03674_595444375515.xml	غزة	#TMP-L-00042	event[type=cultural n=1 when-custom=0882 cert=medium]	25	هناك（先行詞 بها＝غزة）: ببنائها له هناك
291	D	AIND-D03678	AIND-D03678_101384724449.xml	الروم	#TMP-L-00038	event[type=residence n=2]	20	ニスバ ثم الرومي
292	D	AIND-D03719	AIND-D03719_741813002331.xml	القاهرة	gn:360630	state[n=2 type=office ref=wd:Q7492880 cert=medium]	37	施設 البيبرسية の所在地
293	D	AIND-D03743	AIND-D03743_841079595144.xml	القاهرة	gn:360630	event[type=residence n=1]	14	施設 البرقوقية の所在地（نزيل البرقوقية）
294	B	AIND-D03748	AIND-D03748_961560977550.xml	مكة	gn:104515	event[type=religious subtype=hajj n=2]	14	حج
295	E	AIND-D03766	AIND-D03766_344272674999.xml	عريش	#TMP-L-00224	state[n=1 type=office ref=#TMP-O-00004 cert=medium]	31	بلده: العريشي … وهو مفتي بلده（同一 state 内に placeName が重複）
296	E	AIND-D03766	AIND-D03766_344272674999.xml	عريش	#TMP-L-00224	state[n=1 type=office ref=#TMP-O-00004 cert=medium]	34	بلده: العريشي … وهو مفتي بلده（同一 state 内に placeName が重複）
297	A	AIND-D03766	AIND-D03766_344272674999.xml	عريش	#TMP-L-00224	state[n=2 type=office ref=wd:Q352842]	39	مدرسها（ها の先行詞は بلده）
298	A	AIND-D03766	AIND-D03766_344272674999.xml	عريش	#TMP-L-00224	state[n=3 type=office ref=#TMP-O-00096]	44	وينوب في الحكم بها（ها の先行詞は بلده）
299	D	AIND-D03767	AIND-D03767_453827895479.xml	مكة	gn:104515	event[type=residence n=1]	8	職の勤務地（الفراش بالمسجد المكي）から居住を補完
300	C	AIND-D03767	AIND-D03767_453827895479.xml	مكة	gn:104515	state[n=2 type=office ref=#TMP-O-00033]	16	بالمسجد المكي（施設名の複合語）
301	A	AIND-D03768	AIND-D03768_782019600570.xml	دمشق	gn:170654	state[n=1 type=office ref=wd:Q239718]	32	الدمشقي مؤذن جامعها
302	A	AIND-D03768	AIND-D03768_782019600570.xml	دمشق	gn:170654	state[n=2 type=office ref=#TMP-O-00090]	38	مؤذن جامعها ورئيسه
303	D	AIND-D03774	AIND-D03774_725618794699.xml	مكة	gn:104515	event[type=residence n=1]	13	ニスバ المكي
304	D	AIND-D03781	AIND-D03781_240139708012.xml	القاهرة	gn:360630	state[n=1 type=office ref=wd:Q2892720]	26	施設 سعيد السعداء の所在地
305	C	AIND-D03783	AIND-D03783_121808322732.xml	المعلاة	wd:Q42004	death[when-custom=0879-01 when=1474-05 cert=medium]	11	بمعلاتها（المعلاة＋代名詞）
306	C	AIND-D03786	AIND-D03786_501777159570.xml	المعلاة	wd:Q42004	death[when-custom=0881-11 when=1477-02]	14	بمعلاتها（المعلاة＋代名詞）
307	D	AIND-D03811	AIND-D03811_503375208708.xml	مصر	gn:352261	death[when-custom=0808-09 when=1406-03]	9	施設 الجامع المصري／複数ニスバ المصريين（死地の明示なし）
308	D	AIND-D03811	AIND-D03811_503375208708.xml	مصر	gn:352261	event[type=teaching]	16	複数ニスバ المصريين（地名なし）
309	D	AIND-D03811	AIND-D03811_503375208708.xml	مصر	gn:352261	event[type=residence n=1]	25	複数ニスバ المصريين（من لطفاء المصريين）
310	C	AIND-D03811	AIND-D03811_503375208708.xml	مصر	gn:352261	state[n=1 type=office ref=wd:Q239718]	29	المؤذن بالجامع المصري（施設名の複合語）
311	D	AIND-D03811	AIND-D03811_503375208708.xml	مصر	gn:352261	event[type=cultural n=1]	33	複数ニスバ المصريين（地名なし）
312	A	AIND-D03814	AIND-D03814_398379196686.xml	بعلبك	gn:277130	state[n=1 type=office ref=wd:Q932945]	11	البعلي خطيبها
313	E	AIND-D03829	AIND-D03829_394218447153.xml	دمياط	gn:358048	event[type=residence n=1]	13	居住イベント: 代名詞 بها は職にかかり、居住自体はニスバ الدمياطي
314	A	AIND-D03829	AIND-D03829_394218447153.xml	دمياط	gn:358048	state[n=1 type=office ref=#TMP-O-00225]	18	خادم الفقراء بها
315	D	AIND-D03832	AIND-D03832_565484462399.xml	القاهرة	gn:360630	death[when-custom=0851-03 when=1447-05]	14	施設 جامع الحاكم の所在地（وبه مات の به は حانوت を受ける）
316	D	AIND-D03832	AIND-D03832_565484462399.xml	القاهرة	gn:360630	event[type=teaching]	33	地名なし（تدرب به）
317	D	AIND-D03832	AIND-D03832_565484462399.xml	القاهرة	gn:360630	event[type=residence n=1]	37	施設 جامع الحاكم の所在地
318	D	AIND-D03832	AIND-D03832_565484462399.xml	القاهرة	gn:360630	state[n=1 type=office ref=#TMP-O-00156]	41	施設 جامع الحاكم の所在地
319	D	AIND-D03834	AIND-D03834_932595114312.xml	القاهرة	gn:360630	state[n=1 type=office ref=#TMP-O-00003]	28	職 نائب القاضي の勤務地（原文に地名なし）
320	D	AIND-D03834	AIND-D03834_932595114312.xml	القاهرة	gn:360630	state[n=2 type=office ref=wd:Q352842]	33	施設 الجمالية の所在地
321	A	AIND-D03849	AIND-D03849_501601018223.xml	فاس	#TMP-L-00051	state[n=1 type=office ref=wd:Q217029]	15	الفاسي قاضيها
322	C	AIND-D03853	AIND-D03853_553727828344.xml	الحسينية	#TMP-L-00007	event[type=residence n=1]	32	الحسيني سكنا（居住地の明示）
323	D	AIND-D03853	AIND-D03853_553727828344.xml	القاهرة	gn:360630	event[type=residence n=2]	33	ニスバ القاهري
324	A	AIND-D03870	AIND-D03870_424870420897.xml	طنتدا	#TMP-L-00204	death[when-custom=0868-02 when=1463-10]	8	خليفة المقام الأحمدي بها … مات هناك
325	A	AIND-D03870	AIND-D03870_424870420897.xml	طنتدا	#TMP-L-00204	state[n=1 type=office ref=#TMP-O-00179]	15	خليفة المقام الأحمدي بها
326	D	AIND-D03873	AIND-D03873_801648943531.xml	المدينة	gn:109223	event[type=residence n=1]	15	ニスバ المدني
327	D	AIND-D03873	AIND-D03873_801648943531.xml	المدينة	gn:109223	state[n=1 type=office ref=#TMP-O-00201]	20	ニスバ المدني／施設 الحرم の所在地
328	D	AIND-D03892	AIND-D03892_510958510572.xml	بيت المقدس	gn:281184	affiliation[n=1 type=affiliated ref=#TMP-I-00140]	19	施設 التنكزية の所在地／ニスバ المقدسي
329	D	AIND-D03892	AIND-D03892_510958510572.xml	بيت المقدس	gn:281184	affiliation[n=2 type=affiliated ref=#TMP-I-00141]	25	施設 الارغونية の所在地／ニスバ المقدسي
330	D	AIND-D03892	AIND-D03892_510958510572.xml	بيت المقدس	gn:281184	affiliation[n=3 type=affiliated ref=#TMP-I-00142]	31	施設 المعظمية の所在地／ニスバ المقدسي
331	D	AIND-D03906	AIND-D03906_693880496637.xml	دمشق	gn:170654	event[type=residence subtype=jāwara n=1]	12	施設 الجامع الأموي の所在地
332	B	AIND-D03913	AIND-D03913_995090244114.xml	مكة	gn:104515	event[type=religious subtype=hajj n=1]	18	حج
333	D	AIND-D03913	AIND-D03913_995090244114.xml	مكة	gn:104515	event[type=residence subtype=jāwara n=2]	19	جاور（規則20: 付けない）
334	A	AIND-D03926	AIND-D03926_877708452392.xml	مكة	gn:104515	death[when-custom=0875-12 when=1471-05]	9	مات بها
335	A	AIND-D03929	AIND-D03929_832468689454.xml	مكة	gn:104515	birth[when-custom=0844-05 when=1440-10]	10	ولد بها
336	A	AIND-D03929	AIND-D03929_832468689454.xml	مكة	gn:104515	event[type=residence n=1]	21	ونشأ بها
337	D	AIND-D03929	AIND-D03929_832468689454.xml	مكة	gn:104515	state[n=1 type=office ref=#TMP-O-00090]	30	施設 المسجد الحرام の所在地
338	D	AIND-D03952	AIND-D03952_823853589100.xml	القاهرة	gn:360630	event[type=residence n=1]	14	ニスバ الغزي ثم القاهري
339	C	AIND-D03975	AIND-D03975_253436633748.xml	الحسينية	#TMP-L-00007	event[type=residence n=1]	14	الحسيني سكنا（居住地の明示）
340	A	AIND-D03983	AIND-D03983_311615824544.xml	مكة	gn:104515	death[when-custom=0846 when=1442]	12	مات بها
341	A	AIND-D03998	AIND-D03998_925485769412.xml	مكة	gn:104515	birth[when-custom=0831 when=1427]	10	ولد بها
342	E	AIND-D03998	AIND-D03998_925485769412.xml	مكة	gn:104515	event[type=learning]	16	ولد بها ونشأ وسمع من زينب（بها の作用域を سمع まで延ばす解釈）
343	E	AIND-D03998	AIND-D03998_925485769412.xml	مكة	gn:104515	event[type=residence n=1]	26	ولد بها ونشأ（بها の作用域を نشأ まで延ばす解釈）
344	D	AIND-D04002	AIND-D04002_882187969226.xml	القاهرة	gn:360630	event[type=learning]	10	施設 البرقوقية の所在地
345	D	AIND-D04002	AIND-D04002_882187969226.xml	القاهرة	gn:360630	event[type=cultural n=1]	20	施設 الظاهرية القديمة の所在地
346	B	AIND-D04002	AIND-D04002_882187969226.xml	مكة	gn:104515	event[type=religious subtype=hajj n=1]	23	حج
347	D	AIND-D04021	AIND-D04021_459251131127.xml	فاس	#TMP-L-00051	state[n=1 type=office ref=wd:Q932945]	17	ニスバ الفاسي／施設 جامع القرويين の所在地
348	D	AIND-D04028	AIND-D04028_636271731465.xml	مكة	gn:104515	event[type=residence subtype=jāwara n=1]	16	جاور（規則20: 付けない）
349	C	AIND-D04029	AIND-D04029_764135088905.xml	مصر	gn:352261	event[type=residence n=1]	11	المصري سكنا（居住地の明示）
350	B	AIND-D04039	AIND-D04039_567149601562.xml	مكة	gn:104515	event[type=religious subtype=hajj n=1]	24	حج
351	E	AIND-D04045	AIND-D04045_825749414694.xml	كلبشا	#TMP-L-00139	state[n=1 type=office ref=wd:Q217029]	19	بلده: الكلبشاوي … خلف أخاه في قضاء بلده
352	A	AIND-D04045	AIND-D04045_825749414694.xml	كلبشا	#TMP-L-00139	state[n=2 type=office ref=wd:Q932945]	24	وخطابتها（ها の先行詞は بلده）
353	C	AIND-D04082	AIND-D04082_672753787764.xml	الحسينية	#TMP-L-00007	event[type=residence n=1]	14	الحسيني سكنا（居住地の明示）
354	D	AIND-D04098	AIND-D04098_612355810212.xml	القاهرة	gn:360630	event[type=cultural n=1]	22	師（شيخنا）の所在からの補完（بمجلس شيخنا、地名なし）
355	A	AIND-D04102	AIND-D04102_831076180901.xml	مكة	gn:104515	death[when-custom=0885-12-23 when=1481-03-04]	10	مات بها
356	E	AIND-D04102	AIND-D04102_831076180901.xml	مكة	gn:104515	event[type=residence n=1]	19	居住イベント: 代名詞 بها は死亡にかかり、居住自体はニスバ المكي
357	D	AIND-D04102	AIND-D04102_831076180901.xml	مكة	gn:104515	event[type=other n=2]	20	施設 باب الكعبة／墓地 المعلاة の所在地
358	D	AIND-D04105	AIND-D04105_244599235501.xml	القاهرة	gn:360630	event[type=residence n=1]	18	ニスバ القاهري／施設 الأزهر の所在地
359	D	AIND-D04108	AIND-D04108_495817073584.xml	القاهرة	gn:360630	event[type=residence n=1]	20	ニスバ القاهري（نشأ في كنف أبويه に地名なし）
360	B	AIND-D04108	AIND-D04108_495817073584.xml	مكة	gn:104515	event[type=religious subtype=hajj n=2]	21	حج
361	D	AIND-D04109	AIND-D04109_905575408561.xml	مكة	gn:104515	event[type=learning]	10	サハーウィーの مجاورة（في المجاورة والدروس）
362	D	AIND-D04109	AIND-D04109_905575408561.xml	مكة	gn:104515	event[type=residence subtype=jāwara n=1]	15	جاور（規則20: 付けない）
363	C	AIND-D04114	AIND-D04114_959233139646.xml	سوق الشرب	#TMP-L-00256	state[n=2 type=office ref=wd:Q215536]	38	التاجر في الشرب（سوق الشرب の展開）
364	D	AIND-D04116	AIND-D04116_863611397058.xml	القاهرة	gn:360630	event[type=residence n=1]	17	ニスバ الغمري ثم القاهري
365	C	AIND-D04130	AIND-D04130_495338922978.xml	الهند	#TMP-L-00039	birth[]	10	الهندي المولد（出生地の明示）
366	A	AIND-D04130	AIND-D04130_495338922978.xml	مكة	gn:104515	death[when-custom=0882-02 when=1477-05]	14	مات بها
367	E	AIND-D04130	AIND-D04130_495338922978.xml	مكة	gn:104515	event[type=residence n=1]	18	居住イベント: 代名詞 بها は死亡にかかり、居住自体はニスバ المكي
368	A	AIND-D04133	AIND-D04133_688964772838.xml	الاسكندرية	gn:361058	birth[when-custom=0760-10 when=1359-09]	11	ولد بها
369	A	AIND-D04133	AIND-D04133_688964772838.xml	الاسكندرية	gn:361058	state[n=1 type=office ref=wd:Q217029]	27	السكندري المالكي قاضيها
370	A	AIND-D04133	AIND-D04133_688964772838.xml	الاسكندرية	gn:361058	state[n=2 type=office ref=#TMP-O-00057]	32	وشيخ الشيوخ بها
371	A	AIND-D04138	AIND-D04138_144443450355.xml	مكة	gn:104515	death[when-custom=0870-05 when=1465-12]	9	مات بها
372	E	AIND-D04138	AIND-D04138_144443450355.xml	مكة	gn:104515	event[type=residence n=1]	13	居住イベント: 代名詞 بها は死亡にかかり、居住自体はニスバ المكي
373	D	AIND-D04159	AIND-D04159_323879969831.xml	القاهرة	gn:360630	event[type=residence n=2]	20	施設 رواق اليمنة من الأزهر の所在地
374	B	AIND-D04159	AIND-D04159_323879969831.xml	مكة	gn:104515	event[type=religious subtype=hajj n=4]	22	حج
375	B	AIND-D04163	AIND-D04163_724297589804.xml	مكة	gn:104515	event[type=religious subtype=hajj n=2]	57	حج
376	D	AIND-D04164	AIND-D04164_704408200236.xml	القاهرة	gn:360630	event[type=residence n=1]	17	施設 البرقوقية の所在地／ニスバ القاهري
377	D	AIND-D04164	AIND-D04164_704408200236.xml	القاهرة	gn:360630	state[n=1 type=office ref=wd:Q2892720]	25	施設 البرقوقية の所在地
378	E	AIND-D04172	AIND-D04172_110796743737.xml	غزة	#TMP-L-00042	event[type=residence n=1]	18	居住イベント: 代名詞 بها は祖父の職（قاضي المالكية بها）にかかり、本人の居住はニスバ الغزي のみ
379	D	AIND-D04178	AIND-D04178_300014380093.xml	القاهرة	gn:360630	event[type=residence n=1]	16	ニスバ القاهري
380	D	AIND-D04184	AIND-D04184_231045103916.xml	القاهرة	gn:360630	event[type=residence n=1]	20	ニスバ القاهري
381	D	AIND-D04187	AIND-D04187_905151784007.xml	القاهرة	gn:360630	event[type=residence n=1]	17	ニスバ القاهري
382	B	AIND-D04187	AIND-D04187_905151784007.xml	مكة	gn:104515	event[type=religious subtype=hajj n=2]	18	حج
383	C	AIND-D04193	AIND-D04193_382835106906.xml	المعلاة	wd:Q42004	death[when-custom=0864-06 when=1460-04]	13	بمعلاتها（المعلاة＋代名詞）
384	D	AIND-D04196	AIND-D04196_666047095917.xml	القاهرة	gn:360630	event[type=residence n=1]	13	ニスバ القاهري
385	B	AIND-D04204	AIND-D04204_873400902784.xml	مكة	gn:104515	event[type=religious subtype=hajj n=1]	16	حج
386	D	AIND-D04204	AIND-D04204_873400902784.xml	مكة	gn:104515	event[type=residence subtype=jāwara n=2]	17	جاور（規則20: 付けない）
387	D	AIND-D04213	AIND-D04213_868950746249.xml	القاهرة	gn:360630	event[type=residence n=1]	28	ニスバ ثم القاهري
388	D	AIND-D04221	AIND-D04221_186034168993.xml	القاهرة	gn:360630	state[n=2 type=office ref=#TMP-O-00024]	21	職 نظر الدولة の勤務地／施設 القلعة（地名なし）
389	B	AIND-D04223	AIND-D04223_856808236198.xml	مكة	gn:104515	event[type=religious subtype=hajj n=1]	11	حج
390	D	AIND-D04226	AIND-D04226_939092092080.xml	القاهرة	gn:360630	event[type=residence n=1]	9	施設 الصرغتمشية の所在地（نزيل الصرغتمشية）
391	D	AIND-D04226	AIND-D04226_939092092080.xml	القاهرة	gn:360630	state[n=1 type=office ref=wd:Q239718]	17	施設 الصرغتمشية の所在地
392	D	AIND-D04236	AIND-D04236_876634711239.xml	المدينة	gn:109223	event[type=learning when-custom=0797 when=1394]	22	施設 المسجد النبوي の所在地
393	D	AIND-D04236	AIND-D04236_876634711239.xml	المدينة	gn:109223	event[type=residence n=1]	25	ニスバ المدني
394	C	AIND-D04248	AIND-D04248_363587445995.xml	المعلاة	wd:Q42004	death[when-custom=0879-02 when=1474-06]	11	بمعلاتها（المعلاة＋代名詞）
395	A	AIND-D04255	AIND-D04255_790768919798.xml	مكة	gn:104515	death[when-custom=0846-05 when=1442-09]	10	مات بها
396	A	AIND-D04258	AIND-D04258_975255381240.xml	مكة	gn:104515	death[when-custom=0866-12-23 when=1462-09-27 cert=medium]	9	مات بها
397	A	AIND-D04273	AIND-D04273_596014802190.xml	مكة	gn:104515	state[n=1 type=office ref=#TMP-O-00094]	22	المكي القائد بها
398	A	AIND-D04274	AIND-D04274_788474635535.xml	مكة	gn:104515	birth[when-custom=0810 when=1407]	10	ولد بها
399	C	AIND-D04293	AIND-D04293_688213992760.xml	نوى	#TMP-L-00259	state[n=1 type=office ref=wd:Q217029]	22	فولي نوا（نوى の異綴）
400	C	AIND-D04294	AIND-D04294_698087384383.xml	منية خلف	#TMP-L-00260	state[n=2 type=status]	23	منية خلفا（منية خلف の語形）
401	C	AIND-D04300	AIND-D04300_711156835665.xml	المعلاة	wd:Q42004	death[when-custom=0850-02 when=1446-05]	11	بمعلاتها（المعلاة＋代名詞）
402	B	AIND-D04334	AIND-D04334_344494974349.xml	مكة	gn:104515	event[type=religious subtype=hajj n=1 when-custom=0804 when=1401]	34	حج
403	D	AIND-D04334	AIND-D04334_344494974349.xml	مكة	gn:104515	event[type=residence subtype=jāwara n=2 when-custom=0804 when=1401]	35	جاور（規則20: 付けない）
404	B	AIND-D04393	AIND-D04393_292275889669.xml	مكة	gn:104515	event[type=religious subtype=hajj n=2 when-custom=0812 when=1409]	23	حج
405	D	AIND-D04396	AIND-D04396_918443533842.xml	مكة	gn:104515	event[type=learning]	17	サハーウィーの مجاورة（سمع مني في المجاورة الثانية）
406	B	AIND-D04396	AIND-D04396_918443533842.xml	مكة	gn:104515	event[type=religious subtype=hajj n=1 when-custom=0871 when=1466]	21	حج
407	A	AIND-D04397	AIND-D04397_550754067987.xml	غزة	#TMP-L-00042	state[n=1 type=office ref=wd:Q932945]	16	الغزي الخطيب بها
408	D	AIND-D04416	AIND-D04416_493929637426.xml	القاهرة	gn:360630	death[when-custom=0851-08 when=1447-10]	16	ニスバ القاهري
409	D	AIND-D04416	AIND-D04416_493929637426.xml	القاهرة	gn:360630	event[type=teaching]	23	ニスバ القاهري（أجاز لي、地名なし）
410	D	AIND-D04416	AIND-D04416_493929637426.xml	القاهرة	gn:360630	event[type=residence n=1]	27	ニスバ القاهري
411	D	AIND-D04416	AIND-D04416_493929637426.xml	القاهرة	gn:360630	state[n=1 type=office ref=#TMP-O-00264]	31	施設 الصالحية の所在地
412	A	AIND-D04417	AIND-D04417_726684149298.xml	مصر	gn:352261	state[n=1 type=office ref=wd:Q932945]	18	المصري خطيب جامعها العمروي
413	D	AIND-D04420	AIND-D04420_806971516470.xml	مكة	gn:104515	event[type=residence n=1]	19	ニスバ المكي
414	E	AIND-D04421	AIND-D04421_876659877432.xml	المدينة	gn:109223	birth[]	10	ثم المدني نزيل مكة . ولد بها ونشأ（بها の先行詞は直前の مكة の可能性がありニスバ المدني と両義）
415	E	AIND-D04421	AIND-D04421_876659877432.xml	المدينة	gn:109223	event[type=learning when-custom=0797 when=1394]	26	فسمع بها من ابن صديق（先行詞 مكة／المدني の両義）
416	E	AIND-D04421	AIND-D04421_876659877432.xml	المدينة	gn:109223	event[type=residence n=2]	35	居住: ثم المدني نزيل مكة . ولد بها ونشأ（先行詞の両義）
417	C	AIND-D04421	AIND-D04421_876659877432.xml	بلاد العجم	#TMP-L-00004	event[type=visit n=5]	38	بل العجم（بلاد العجم の展開）
418	D	AIND-D04444	AIND-D04444_274022278762.xml	دمشق	gn:170654	event[type=residence n=2]	29	ニスバ ثم الدمشقي
419	B	AIND-D04481	AIND-D04481_175565186769.xml	مكة	gn:104515	event[type=religious subtype=hajj n=3]	21	حج
420	A	AIND-D04484	AIND-D04484_985703392983.xml	المدينة	gn:109223	event[type=residence n=1]	18	أقرأ بها（規則22-3 先例）
421	A	AIND-D04498	AIND-D04498_769910646510.xml	مكة	gn:104515	death[when-custom=0846-05 when=1442-09]	9	مات بها（規則22-3 先例）
422	B	AIND-D05004	AIND-D05004_236403567443.xml	مكة	gn:104515	event[type=religious subtype=hajj n=1 notBefore-custom=0890 notBefore=1485]	17	حج
423	A	AIND-D05025	AIND-D05025_353508535185.xml	مكة	gn:104515	death[when-custom=0876-11 when=1472-04]	10	مات بها
424	A	AIND-D05103	AIND-D05103_135836740652.xml	مكة	gn:104515	death[when-custom=0862-07 when=1458-05]	9	مات بها
425	B	AIND-D05119	AIND-D05119_366527655023.xml	مكة	gn:104515	event[type=religious subtype=hajj n=1]	28	حج
426	A	AIND-D05127	AIND-D05127_138080693380.xml	دمياط	gn:358048	state[n=1 type=office ref=#TMP-O-00116]	17	بواب المعينية بها
427	D	AIND-D05130	AIND-D05130_353445620875.xml	مكة	gn:104515	event[type=learning]	22	サハーウィーの مجاورة（في مجاورتي الثالثة）
428	D	AIND-D05130	AIND-D05130_353445620875.xml	مكة	gn:104515	state[n=1 type=office ref=#TMP-O-00050]	34	施設 باب السلام の所在地（باب السلام 自体は保持）
429	A	AIND-D05144	AIND-D05144_702843727016.xml	مكة	gn:104515	death[when-custom=0856-07 when=1452-07]	11	مات بها
430	C	AIND-D05159	AIND-D05159_348848663755.xml	المعلاة	wd:Q42004	death[when-custom=0844-04-11 when=1440-09-18]	10	بمعلاتها（المعلاة＋代名詞）
431	A	AIND-D05177	AIND-D05177_686796320003.xml	مكة	gn:104515	death[when-custom=0886-01 when=1481-03]	10	مات بها
432	A	AIND-D05194	AIND-D05194_432009129250.xml	بلقس	#TMP-L-00265	state[n=1 type=office ref=#TMP-O-00257]	16	البلقسي شيخها
433	A	AIND-D05245	AIND-D05245_228077874589.xml	زبيد	#TMP-L-00041	birth[]	9	ولد بها
434	E	AIND-D05245	AIND-D05245_228077874589.xml	زبيد	#TMP-L-00041	event[type=residence n=1]	26	ولد بها ونشأ（بها の作用域を نشأ まで延ばす解釈）
435	D	AIND-D05249	AIND-D05249_656559582628.xml	دميرة	#TMP-L-00115	event[type=residence n=1]	36	ニスバ الدميري
436	D	AIND-D05249	AIND-D05249_656559582628.xml	القاهرة	gn:360630	event[type=residence n=2]	37	ニスバ ثم القاهري
437	D	AIND-D05249	AIND-D05249_656559582628.xml	القاهرة	gn:360630	state[n=1 type=office ref=#TMP-O-00260]	45	施設 الشيخونية の所在地
438	B	AIND-D05265	AIND-D05265_266736774598.xml	مكة	gn:104515	event[type=religious subtype=hajj n=1]	17	حج
439	D	AIND-D05282	AIND-D05282_285548228086.xml	حلب	gn:170063	event[type=residence n=1]	37	ニスバ الحلبي
440	D	AIND-D05282	AIND-D05282_285548228086.xml	دمشق	gn:170654	event[type=residence n=2]	38	ニスバ ثم الدمشقي
441	D	AIND-D05515	AIND-D05515_475986407413.xml	المزة	#TMP-L-00240	event[type=residence n=1]	35	ニスバ المزي
442	D	AIND-D05515	AIND-D05515_475986407413.xml	المزة	#TMP-L-00240	state[n=1 type=office ref=wd:Q239718]	39	ニスバ المزي／施設 الجامع المرجاني の所在地
443	A	AIND-D05567	AIND-D05567_253667323987.xml	المدينة	gn:109223	birth[when-custom=0781-06 when=1379-09]	9	ولد بها
444	B	AIND-D05580	AIND-D05580_679745695841.xml	مكة	gn:104515	event[type=religious subtype=hajj n=1]	21	حج
445	A	AIND-D05586	AIND-D05586_310621778022.xml	الفاسكور	#TMP-L-00243	event[type=teaching]	13	لقيته بها فكتبت عنه
446	E	AIND-D05586	AIND-D05586_310621778022.xml	الفاسكور	#TMP-L-00243	event[type=residence n=1]	17	居住イベント: 代名詞 بها は職・面会にかかり（الفران بها／لقيته بها）、居住はニスバ الفاسكوري と أهل بلده
447	A	AIND-D05586	AIND-D05586_310621778022.xml	الفاسكور	#TMP-L-00243	state[n=1 type=office ref=#TMP-O-00236]	21	الفاسكوري الفران بها
448	B	AIND-D05588	AIND-D05588_292263309416.xml	مكة	gn:104515	event[type=religious subtype=hajj n=2]	18	حج
449	A	AIND-D05600	AIND-D05600_849271074938.xml	دمشق	gn:170654	state[n=1 type=office ref=#TMP-O-00221]	34	الدمشقي دلال العقار بها
450	D	AIND-D05602	AIND-D05602_901611794562.xml	القاهرة	gn:360630	event[type=residence n=1]	16	ニスバ ثم القاهري／施設 الجمالية の所在地（نزيل الجمالية）
451	E	AIND-D05617	AIND-D05617_947224850596.xml	بجاية	gn:2505329	event[type=residence n=1 when-custom=0890 cert=high]	12	居住イベント: 代名詞は職（أحد عدولها）にかかり、居住自体はニスバ البجائي
452	A	AIND-D05617	AIND-D05617_947224850596.xml	بجاية	gn:2505329	state[n=1 type=office ref=#TMP-O-00186]	16	أحد عدولها
453	D	AIND-D05620	AIND-D05620_558496755883.xml	القاهرة	gn:360630	event[type=residence n=1]	14	施設 جامع المارداني／القلعة の所在地
454	C	AIND-D05628	AIND-D05628_110113075381.xml	زاوية الركاب	#TMP-I-00112	death[when-custom=0863-08 when=1459-06]	10	دفن بزاويته على الطريق برأس ميدان القمح（施設名の展開）
455	A	AIND-D05632	AIND-D05632_410119057597.xml	المدينة	gn:109223	event[type=learning]	12	ممن سمع مني بها
456	E	AIND-D05632	AIND-D05632_410119057597.xml	المدينة	gn:109223	event[type=residence n=1]	16	居住イベント: 代名詞は職・聴講にかかり、居住自体はニスバ المدني
457	A	AIND-D05632	AIND-D05632_410119057597.xml	المدينة	gn:109223	state[n=1 type=office ref=#TMP-O-00190]	20	أحد فراشيها
458	D	AIND-D05636	AIND-D05636_489445929155.xml	القاهرة	gn:360630	event[type=residence n=1]	20	ニスバ ثم القاهري／施設 قنطرة الموسكي の所在地
459	D	AIND-D05665	AIND-D05665_806967324921.xml	القاهرة	gn:360630	event[type=residence n=1]	17	施設 سعيد السعداء／البيبرسية の所在地
460	D	AIND-D05665	AIND-D05665_806967324921.xml	القاهرة	gn:360630	state[n=1 type=office ref=wd:Q2892720]	29	施設 سعيد السعداء の所在地
461	D	AIND-D05666	AIND-D05666_132380635389.xml	القرافة	wd:Q2066414	event[type=residence n=1]	27	ニスバ القرافي
462	D	AIND-D05666	AIND-D05666_132380635389.xml	القاهرة	gn:360630	event[type=residence n=2]	28	ニスバ ثم القاهري
463	D	AIND-D05669	AIND-D05669_810633146630.xml	القاهرة	gn:360630	event[type=learning when-custom=0895]	10	サハーウィーの所在／施設 سوق أمير الجيوش の所在地
464	D	AIND-D05671	AIND-D05671_785882558733.xml	القاهرة	gn:360630	death[when-custom=0858-12 when=1454-12]	9	ニスバ القاهري／施設 باب النصر の所在地（باب النصر 自体は保持）
465	D	AIND-D05703	AIND-D05703_635483205997.xml	القاهرة	gn:360630	event[type=residence n=1]	9	施設 الظاهرية القديمة の所在地（نزيل الظاهرية القديمة）
466	B	AIND-D05704	AIND-D05704_982620582255.xml	مكة	gn:104515	event[type=religious subtype=hajj n=1 cert=medium]	11	حج
467	A	AIND-D07321	AIND-D07321_622301326012.xml	مكة	gn:104515	event[type=learning]	22	سمع مني بها（規則22-3 先例 D07321）
468	B	AIND-D07332	AIND-D07332_690138483220.xml	مكة	gn:104515	event[type=religious subtype=hajj n=1]	36	حج
469	B	AIND-D07341	AIND-D07341_546965559894.xml	مكة	gn:104515	event[type=religious subtype=hajj n=2]	40	حج
470	C	AIND-D07342	AIND-D07342_998767954176.xml	الحسينية	#TMP-L-00007	event[type=residence n=1]	21	الحسيني سكنا（居住地の明示）
471	B	AIND-D07691	AIND-D07691_536092437330.xml	مكة	gn:104515	event[type=religious subtype=hajj n=1]	17	حج
472	A	AIND-D08902b	AIND-D08902b_683810368558.xml	الصالحية		state[n=1 type=office ref=wd:Q239718]	62	الصالحي المؤذن بالجامع المظفري منها
473	A	AIND-D08924a	AIND-D08924a_132806710251.xml	الخليل	gn:285066	death[when-custom=0896-03-12 when=1491-02-01]	10	مات به
474	B	AIND-D08929b	AIND-D08929b_367615599491.xml	مكة	gn:104515	event[type=religious subtype=hajj n=3]	74	حج
475	D	AIND-D08929b	AIND-D08929b_367615599491.xml	مكة	gn:104515	event[type=residence subtype=jāwara n=4]	78	جاور（規則20: 付けない）
476	A	AIND-D08981a	AIND-D08981a_362942796608.xml	النوبة	#TMP-L-00104	state[n=1 type=office ref=wd:Q932945]	18	النوبي خطيبها
477	E	AIND-D08986a	AIND-D08986a_683023628249.xml	القاهرة	gn:360630	event[type=travel n=3]	154	ودخل مصر في التجارة（原文 مصر を القاهرة と同定）
478	B	AIND-D09103a	AIND-D09103a_258298454901.xml	مكة	gn:104515	event[type=religious subtype=hajj n=1 when-custom=0866 when=1461]	87	حج
479	B	AIND-D09231a	AIND-D09231a_578675007992.xml	مكة	gn:104515	event[type=religious subtype=hajj n=6]	63	حج
480	C	AIND-D10379c	AIND-D10379c_782254796111.xml	بيت المقدس	gn:281184	event[type=political n=1]	25	أخرج إلى القدس（القدس は بيت المقدس の異称）
481	B	AIND-D10470a	AIND-D10470a_841368550962.xml	مكة	gn:104515	event[type=religious subtype=hajj n=1]	38	حج
482	B	AIND-D10498b	AIND-D10498b_980387583393.xml	مكة	gn:104515	event[type=religious subtype=hajj n=3]	48	حج
483	B	AIND-D13086a	AIND-D13086a_776096711652.xml	مكة	gn:104515	event[type=religious subtype=hajj n=1]	65	حج
484	D	AIND-D13086a	AIND-D13086a_776096711652.xml	مكة	gn:104515	event[type=residence subtype=jāwara n=2]	69	جاورت（規則20: 付けない）
