	Institution	الجانبكية | المدرسة الجانبكية	al-Jānibakiyya	TMP-I-00163	"出現: D04482（「قرأ على الأمين الأقصرائي بالجانبكية」833H）。カイロのジャーニバキーヤ学院（ハナフィー派、D06475 に「سعد الدين محمد شيخ الجانبكية」）。ID-Master 未登録（Nisbah الجانبكي=TMP-N-02464 のみ）。初版は placeName ref=""#TMP-I-00000""（零番号）＋ affiliation #NEEDID。"	
	Institution	سبيل المؤيد بالمسجد الحرام تجاه الحجر الأسود | السبيل الذي أنشأه المؤيد بالمسجد تجاه الحجر الأسود	Sabīl al-Muʾayyad bi-l-Masjid al-Ḥarām tujāha al-Ḥajar al-Aswad	TMP-I-00164	出現: D07337（「وباسمه … السبيل الذي أنشأه المؤيد بالمسجد تجاه الحجر الأسود」）。スルターン・アル＝ムアイヤド・シャイフ（#AIND-D03345）がマッカ聖モスク内の黒石正面に設けた給水所。既登録の سبيل 系（TMP-I-00111 カイロ／TMP-I-00122 マッカ السويقة）とは別実体。state の職ID は既存 خادم السبيل=TMP-O-00184 を cert medium で充当（ISSUES §Db-6）。	
	Institution	الجردكية | المدرسة الجردكية (حلب)	al-Jardakiyya	TMP-I-00165	出現: D07357（「مدرسا بالجردكية」）・D08746（子「استقر بعد أبيه في تدريس الجردكية」）。ハラブのマドラサ。ID-Master 未登録	
	Location	شنين	Shanīn	TMP-L-00274	出現: D04469（没地・居住地「مات بالطاعون … ببلده شنين」）。イエメンの町（ニスバ الشنيني=TMP-N-01802 の由来地。D00045 に「الشنيني بفتح المعجمة وكسر النونين بينهما تحتانية」の読み注記）。ID-Master 未登録。初版 #NEEDID を解消。	
	Location	بين القصرين	Bayn al-Qaṣrayn	TMP-L-00275	出現: D07313（埋葬地「دفن بالبرقوقية بين القصرين」）。カイロ・ムイッズ通りの両宮殿間地区。corpus に12回出現（D13081「بمدرسة الظاهر برقوق بين القصرين」等）し再利用見込み。ID-Master 未登録（البرقوقية=TMP-I-00029 は同地区内の施設で別実体）。	
	Location	المرقب	al-Marqab	TMP-L-00276	出現: D07382（「ولاه الأشرف برسباي نيابة المرقب … فدام بالمرقب مدة」）。シリア沿岸の要塞都市マルカブ（Margat、طرابلس 管区）。ID-Master 未登録（ニスバ المرقبي=TMP-N-01489 のみ）。geonames 照合は Waka 側。	
	Nisbah	الدقاق	al-Daqqāq	TMP-N-05514	出現: D07350（محمد بن حسن بن عبد الرحيم الصالي الدقاق）。職業ニスバ（製粉業）。ID-Master 未登録	
	Office	شيخ أبشية الملق	shaykh Abshiyyat al-Malaq	TMP-O-00270	出現: D04485（「شيخ أبشية الملق من الغربية」＝ガルビーヤ県の村の村長）。repo 先例 شيخ بلقس(TMP-O-00257)・شيخ نابلس(TMP-O-00139) に倣い村名付き職として発行。村は TMP-L-00234（أبشيه الملق）。初版 #TMP-O-00000（零番号）を解消。	
	Office	المدير في الجيش | مدير الجيش	al-mudīr fī al-jaysh	TMP-O-00271	出現: D07320（「محمد بن جوهر المدير في الجيش」、836年アレッポ没）。軍の管理官。既登録 مدير ديوان（TMP-O-00017）とは対象が異なるため別行。初版 state ref=#NEEDID を解消。	
	Office	مباشر جدة | أحد مباشري جدة	mubāshir Jidda	TMP-O-00272	出現: D07374（「أحد مباشري جدة」）。ジッダの行政実務官。既存 مباشرة الاسطبل(O-00162)・مباشر سقاية العباس(O-00227) と同系列	
	Office	شيخ الناحية (المنزلة ومنية بدران)	shaykh al-nāḥiya	TMP-O-00273	出現: D07381（「شيخ تلك الناحية المنزلة ومنية بدران وما يجاورهما」）。エジプト・ダカフリーヤ方面の在地長。既存 شيخ نابلس(O-00139)・شيخ بلقس(O-00257) と同型	
	Office	القيام بالزاوية | شيخ زاوية داود الحكمي (بسعد)	al-qiyām bi-l-zāwiya	TMP-O-00274	出現: D07378（「خلفه في القيام بزاويته」＝父 #AIND-D02958 داود الحكمي の قرية سعد のザーウィヤ運営を継承）。既存 شيخ زاوية عمر(O-00265) と同型	
	Office	نقيب السقاة	naqīb al-suqāt	TMP-O-00275	出現: D07694（「نقيب السقاة … استقر نقيب السقاة عقب عمه」）。カイロの水運び人（سقاة）組合の頭。corpus では D06489（شفتر）・D10192（وفا）も同職。汎用 نقيب=TMP-O-00067 とは別。既存 رأس نوبة السقاة=TMP-O-00123 はマムルーク宮廷の酌人隊長で別職。	
	Office	الخواص	al-khawwāṣ	TMP-O-00276	"出現: D07671（見出し末尾「المدني الحنفي الخواص」）。ナツメヤシ葉（خوص）細工職人。ニスバ الخواصي=TMP-N-02940 とは別（職業名）。repo の الخياط（wd:Q242468、state type=""office""）と同型処理。"	
	Office	زعيم تونس	zaʿīm Tūnis	TMP-O-00277	出現: D07686（見出し「محمد بن عبد العزيز زعيم تونس」）。チュニスの首長・領袖。صاحب فاس=TMP-O-00151 等の地域限定君主号と同型（職officeか称号titleかは Waka 判断要）。	
	Person	الشهاب أبو العباس أحمد بن عبد الرحمن المرداوي	al-Shihāb Abū al-ʿAbbās Aḥmad b. ʿAbd al-Raḥmān al-Mardāwī	TMP-P-001115	出現: D04507（師「سمع من أبي العباس المرداوي مجالس المخلدي الثلاثة」）。8世紀ダマスクス（サーリヒーヤ）のハンバリー派伝承者。corpus では D01482「سمع من الشهاب أحمد بن عبد الرحمن المرداوي مجالس المخلدي الثلاثة」のほか L40296／L40908／L55724／L69820／L100804／L136170 に師として頻出、L54145「المرداوي خاتمة أصحاب عمر الكرماني … مجالس المخلدي」。al-Ḍawʾ 立項なし（801H以前没）・ID-Master 未登録（Nisbah المرداوي=TMP-N-00220 のみ）。初版 #NEEDID を解消。	
	Person	النور أبو الحسن علي بن أحمد بن عبد العزيز العقيلي النويري المكي	al-Nūr Abū al-Ḥasan ʿAlī b. Aḥmad b. ʿAbd al-ʿAzīz al-ʿUqaylī al-Nuwayrī al-Makkī	TMP-P-001116	出現: D04500（父）。マッカのマーリク派マカーム・イマーム（8世紀）。corpus L84842「إمام المالكية النور أبو الحسن علي بن أحمد بن عبد العزيز العقيلي النويري」で実体特定。子＝#AIND-D00984（أحمد、780生）・#AIND-D03684（عبد الرحمن、773生「ولي امامة مقام المالكية بعد أبيه」）・TMP-P-000943（الولوي محمد）・本項 D04500（عبد الله）。corpus 本伝なし・ID-Master 未登録。初版は father relation 無し。	
	Person	محمد بن عبد الرحمن بن عبد الرحيم بن محمد بن عبد الله بن بكتمر (ابن الحاجب)	Muḥammad b. ʿAbd al-Raḥmān b. ʿAbd al-Raḥīm (Ibn al-Ḥājib)	TMP-P-001117	出現: D04471（甥「مات معه في يومه ابن أخيه محمد بن عبد الرحمن بن عبد الرحيم」、853年ペストで本項主と同日没）。父＝#AIND-D03644（عبد الرحمن）、祖父＝#AIND-D03881（عبد الرحيم）。ابن الحاجب 家（バーブ・アン＝ナスルのマドラサ創建者 بكتمر الحاجب の子孫）。corpus 本伝なし・ID-Master 未登録。初版 #NEEDID を解消。	
	Person	عبد القادر بن عبد القادر الطرابلسي	ʿAbd al-Qādir b. ʿAbd al-Qādir al-Ṭarābulusī	TMP-P-001118	出現: D04475（父）。見出しナサブ「عبد الله بن عبد القادر بن عبد القادر الطرابلسي ويعرف بابن الحبال」から1段ずらして復元（統一規則3）。corpus 本伝なし・ID-Master 未登録。初版 relation 無し。	
	Person	عبد الملك بن إبراهيم الدميري	ʿAbd al-Malik b. Ibrāhīm al-Damīrī	TMP-P-001119	出現: D04490（父）。見出しナサブ「عبد الله بن عبد الملك بن إبراهيم الجمال الدميري ثم القاهري المالكي الشروطي」から1段ずらして復元（統一規則3）。corpus 本伝なし・ID-Master 未登録。	
	Person	عثمان بن علي الأبشاقي	ʿUthmān b. ʿAlī al-Abshāqī	TMP-P-001120	出現: D04496（父）。見出しナサブ「عبد الله بن عثمان بن علي الأبشاقي … ويعرف بالصعيدي」から1段ずらして復元（統一規則3）。corpus 本伝なし・ID-Master 未登録。	
	Person	علي بن أحمد المنوفي	ʿAlī b. Aḥmad al-Munūfī	TMP-P-001121	出現: D04502（父）。見出しナサブ「عبد الله بن علي بن أحمد الجمال المنوفي الخطيب」から1段ずらして復元（統一規則3）。corpus 本伝なし・ID-Master 未登録。	
	Person	علي بن محمد بن عبد الحميد الفندقي	ʿAlī b. Muḥammad b. ʿAbd al-Ḥamīd al-Funduqī	TMP-P-001122	出現: D04507（父）。見出しナサブ「عبد الله بن علي بن محمد بن عبد الحميد الفندقي القباقبي الصالحي」から1段ずらして復元（統一規則3）。corpus 本伝なし・ID-Master 未登録。	
	Person	أحمد بن محمد بن عمر بن محمد بن عمر بن محمد بن أبي طالب جلال الدين أبو الفتوح الكازروني البلياني الشيرازي	Aḥmad b. Muḥammad b. ʿUmar b. Muḥammad b. ʿUmar b. Muḥammad b. Abī Ṭālib Jalāl al-Dīn Abū al-Futūḥ al-Kāzarūnī al-Balyānī al-Shīrāzī	TMP-P-001123	出現: D07318（祖父「والمذكور جده في الثامنة」）。父 الجنيد=#AIND-D02448 の本伝「الجنيد بن أحمد بن محمد بن عمر … بن جلال الدين أبي الفتوح الكازروني … المذكور أبوه في المائة قبلها」からナサブ・ラカブ・クンヤを復元。8世紀の人物（『الدرر الكامنة』所載）で al-Ḍawʾ に本伝なし。ID-Master 未登録（الكازروني 系の既登録 TMP-P-000141/000438/000439/000697/000861/000873 はいずれも別人）。初版 #NEEDID を解消。	
	Person	حسن بن إلياس الرومي	Ḥasan b. Ilyās al-Rūmī	TMP-P-001124	出現: D07337（父）。見出しナサブ「محمد بن حسن بن إلياس الجمال الرومي الحنفي」から1段ずらして復元（統一規則3）。corpus に本伝なし・ID-Master 未登録。初版は父 relation なし。	
	Person	حسن بن أبي بكر بن محمد العامري الحرضي اليماني	Ḥasan b. Abī Bakr b. Muḥammad al-ʿĀmirī al-Ḥaraḍī al-Yamānī	TMP-P-001125	出現: D07338（父）。見出しナサブ「محمد بن حسن بن أبي بكر بن محمد جمال الدين العامري اليماني الحرضي الشافعي」から1段ずらして復元（統一規則3）。corpus に本伝なし・ID-Master 未登録。初版は父 relation なし。	
	Person	الشمس السمرقندي العطار (زوج أم محمد بن حسن الفارقي السلاوي)	al-Shams al-Samarqandī al-ʿAṭṭār	TMP-P-001126	出現: D07339（継父「ربيب الشمس السمرقندي العطار ولوجاهته عند تمر」）。ダマスクスの薬種商、803年のティムール占領下で有力。corpus に本伝なし（السمرقندي の既存立項 D00970/D01996/D02605/D02674/D04823/D06417/D06422/D06438/D07052/D09499 はいずれも別人）・ID-Master 未登録。初版は #NEEDID、かつ「العطار」を本項主の職 state（TMP-O-00012）に流用していた誤りを是正。	
	Person	حسن بن أبي بكر بن منصور الفارقي	Ḥasan b. Abī Bakr b. Manṣūr al-Fāriqī	TMP-P-001127	出現: D07339（父）。見出しナサブ「محمد بن حسن بن أبي بكر بن منصور الشمس الفارقي السلاوي」から1段ずらして復元（統一規則3）。corpus に本伝なし・ID-Master 未登録。初版は父 relation なし。	
	Person	حسن بن حاتم النشيلي	Ḥasan b. Ḥātim al-Nashīlī	TMP-P-001128	出現: D07340（父）。見出しナサブ「محمد بن حسن بن حاتم الشمس النشيلي ثم القاهري الشافعي」から1段ずらして復元（統一規則3）。corpus に本伝なし・ID-Master 未登録。初版は父 relation なし。	
	Person	حسن بن حسن بن حسين بن عقبة المدني	Ḥasan b. Ḥasan b. Ḥusayn b. ʿUqba al-Madanī	TMP-P-001129	出現: D07341（父）。見出しナサブ「محمد بن حسن بن حسن بن حسين بن عقبة المدني المالكي」から1段ずらして復元（統一規則3）。異伝「محمد بن حسن بن حسين بن علي بن عقبة」（同項末尾）では父は حسن بن حسين بن علي となる。corpus に本伝なし・ID-Master 未登録。初版は父 relation なし。	
	Person	أحمد بن إبراهيم العسيلي	Aḥmad b. Ibrāhīm al-ʿUsaylī	TMP-P-001130	出現: D07347（母方の叔父かつ師「روى عن خاله المحدث أحمد بن إبراهيم العسيلي عن العفيف اليافعي إجازة」）。8世紀のイエメンのハディース学者。corpus に本伝なし。ニスバ العسيلي(TMP-N-01715)は別。原文末尾「ويحرر ... نسبة شيخه」によりニスバ表記は要校訂	
	Person	الشهاب أحمد بن الحبال (الطرابلسي)	al-Shihāb Aḥmad b. al-Ḥabbāl	TMP-P-001131	出現: D07353（師「سمع بطرابلس على الشهاب أحمد بن الحبال」、cert medium＝自称）。8世紀後半のトリポリのハディース伝承者。既登録 يوسف بن الحبال(TMP-P-000675)・#AIND-D01482(الشهاب أحمد ... ابن الحبال الحلبي الأصل الصالحي السكندري、没825)とは別人と判断	
	Person	الجمال الأمشاطي (تلميذ العز بن جماعة)	al-Jamāl al-Amshāṭī	TMP-P-001132	出現: D07353（師「لازم بعده تلميذه الجمال الأمشاطي」＝العز بن جماعة の弟子）。corpus 各所（L3500・L11880・L46058 等）で القاياتي・الونائي らと並ぶ9世紀前半のカイロの教師。corpus の الأمشاطي 立項（D11441: الشمس محمد／المظفر محمود ابنا أحمد）とはラカブが合わないため別実体として発行。要同定（ISSUES §Dc-4）	
	Person	حسن بن علي بن عبد الرحمن (أستادار قرقماس الشعباني)	Ḥasan b. ʿAlī b. ʿAbd al-Raḥmān	TMP-P-001133	出現: D07359（父「ويعرف بابن الأستاذ لكون أبيه كان أستادار قرقماس الشعباني」）。قرقماس الشعباني=#AIND-D06340 の家政長官。corpus の حسن 部に本伝なし。⚠初版は TMP-P-000204(D0106の息子 حسن)を流用	
	Person	أبو الخير بن محمد بن عمر الدمنهوري الأصل المكي	Abū al-Khayr b. Muḥammad b. ʿUmar al-Damanhūrī	TMP-P-001134	出現: D07371（父「الآتي أبوه」）。corpus の الكنى(أبو الخير)部に本伝が見当たらず、ニスバ索引 #AIND-D11651「الدمنهوري ... وأبو الخير بن محمد بن عمر وابنه」に名が挙がるのみ＝欠番WL	
	Person	عبد الله بن داود بن عثمان بن علي القرشي الهاشمي	ʿAbd Allāh b. Dāwūd b. ʿUthmān al-Hāshimī	TMP-P-001135	出現: D07374（兄弟「كان له أخ اسمه عبد الله سمع في سنة أربع عشرة على الزين المراغي」）。父=#AIND-D02949(داود بن عثمان النظام الهاشمي العدني)。corpus の عبد الله 部に本伝なし。⚠初版は TMP-P-000490(al-Zuhrīの祖父)を流用	
	Person	أبو العباس المقدسي (تلميذ الشمس محمد بن داود المكيسي)	Abū al-ʿAbbās al-Maqdisī	TMP-P-001136	出現: D07377（弟子「أخذ عنه غير واحد منهم أبو العباس المقدسي」）。9世紀前半ダマスクス周辺。corpus 候補 #AIND-D01568(أحمد بن محمد بن موسى بن فياض الشهاب أبو العباس المقدسي الأصل الحلبي الحنبلي القاضي)は未確定（ISSUES §Dc-6）	
	Person	أحمد بن محمد بن داود البدراني (ابن داود)	Aḥmad b. Muḥammad b. Dāwūd al-Badrānī	TMP-P-001137	出現: D07381（子「والد أحمد وعلي ... وقرأ علي أكبرهما وأجزت لهما ويعرف كل منهم بابن داود」）。898年巡礼期にサハーウィーからイジャーザ。corpus に本伝なし	
	Person	علي بن محمد بن داود البدراني (ابن داود)	ʿAlī b. Muḥammad b. Dāwūd al-Badrānī	TMP-P-001138	出現: D07381（子）。898年巡礼期にサハーウィーからイジャーザ。corpus に本伝なし。⚠初版は TMP-P-000530(D04287の兄弟 علي)を流用	
	Person	قمرا الهندية	Qamrā al-Hindiyya	TMP-P-001139	出現: D07677（母、「وأمه قمرا الهندية فتاة أبيه」）。#AIND-D03979（عبد العزيز بن علي النويري）の女奴隷で本項主の母。固有名＋ニスバで描写されるため統一規則12により発行（先例 TMP-P-000988 عزيرة／TMP-P-001030）。ID-Master 未登録。	
	Person	عبد العزيز بن أحمد المدني	ʿAbd al-ʿAzīz b. Aḥmad al-Madanī	TMP-P-001140	出現: D07671（父）。見出しナサブ「محمد بن عبد العزيز بن أحمد ناصر الدين المدني الحنفي الخواص」から1段ずらして復元（統一規則3）。corpus に本伝なし。初版は TMP-P-000813（عبد العزيز بن سالم الكازروني＝D03056 の息子）を流用しており別人＝破棄。	
	Person	عبد العزيز بن إسماعيل الغزي الحنبلي	ʿAbd al-ʿAzīz b. Ismāʿīl al-Ghazzī al-Ḥanbalī	TMP-P-001141	出現: D07673（父）。見出しナサブ「محمد بن عبد العزيز بن إسمعيل الغزي الحنبلي」から1段ずらして復元（統一規則3）。corpus に本伝なし・ID-Master 未登録。初版 #NEEDID を解消。	
	Person	العماد عبد العزيز الأبهري (بن سيف الدين)	al-ʿImād ʿAbd al-ʿAzīz al-Abharī	TMP-P-001142	出現: D07685（父、「الشمس بن العماد الأبهري」）。ラカブ＋ニスバで識別可（統一規則12）。#AIND-D04017 本文「مولانا زاده محمد بن عبد العزيز بن سيف الدين الأبهري الأصل الهروي الشافعي … ممن أخذ عن شيخنا」が本項主を指すとみられ、それによれば祖父名は سيف الدين（ISSUES §Dd-6）。corpus に本伝なし。	
	Person	مجد الدين عبد القادر (أو إسماعيل) بن إبراهيم المكراني	Majd al-Dīn ʿAbd al-Qādir (or Ismāʿīl) b. Ibrāhīm al-Makrānī	TMP-P-001143	出現: D07696（父、「محمد بن عبد القادر أو اسمعيل والأول أشبه بن ابراهيم محي الدين بن مجد الدين المكراني」）。同一人物は #AIND-D00544a（أحمد بن إسماعيل بن إبراهيم … بن المجد المكراني。「اضطرب في اسم أبيه فقال مرة هكذا ومرة عبد القادر لكونه لا يعرفه إلا بلقبه」）・#AIND-D07099（「هو وأخوه وأبوهما يقرئ ولدا لصاحبها」＝كنباية）でも父として言及。独立立項なし・ID-Master 未登録。初版は #AIND-D04089（عبد القادر المناوي ابن عليبة）を流用＝別人。	
	Person	أمير حاج القارئ بالنعمان (بن محمد بن عبد الغني ابن أخي شفتر)	Amīr Ḥājj al-Qāriʾ bi-l-Nuʿmān	TMP-P-001144	出現: D07694（息子、「ووالد وفا وأمير حاج قاري النعماني ويوسف」）。初版は「أمير حاج」「قاري النعماني」の二人に分割していたが一人。#AIND-D08841「محمد بن محمد بن عبد الغني بن نقيب القصر المعروف بابن شفتر ووالد أمير حاج القارئ بالنعمان」では D07694 の子 محمد の息子（孫）とされ親子関係に食い違い（ISSUES §Dd-7）。独立立項なし・ID-Master 未登録。	
	Text	مجالس المخلدي الثلاثة	Majālis al-Mukhalladī al-Thalātha	TMP-T-00178	出現: D04507（師から聴聞・Ibn Ḥajar が本項主から第1巻を読む）。أبو محمد الحسن بن أحمد المخلدي النيسابوري（389H没）の三つの伝承集会録（ダマスクスのハンバリー派で الشهاب المرداوي を経て伝承）。corpus では D01482／L54145／L100805 にも出現。ID-Master 未登録（Nisbah المخلدي=TMP-N-01660 のみ）。初版 #NEEDID ×2 を解消。	
	Text	جزء في الأذكار (لمحمد بن الجنيد الكازروني)	Juzʾ fī al-adhkār (li-Muḥammad b. al-Junayd al-Kāzarūnī)	TMP-T-00179	出現: D07318（「وصنف لأجله جزءا في الأذكار」＝イブン・ハジャルのために著した一部）。著者は文脈上本項主（ISSUES §Db-3 参照）。既登録 كتاب الأذكار（TMP-T-00002＝ナワウィー）とは別書。初版 bibl ref=#NEEDID を解消。	
	Text	إصلاح مشيخة الجنيد الكازروني لابن الجزري	Iṣlāḥ mashyakhat al-Junayd al-Kāzarūnī li-Ibn al-Jazarī	TMP-T-00180	出現: D07318（「وآخر في إصلاح مشيخة أبيه لابن الجزري」）。イブン・アル＝ジャザリー（wd:Q4120093）が編んだ الجنيد الكازروني（#AIND-D02448「خرج لهم عنهم الشمس الجزري مشيخة」）のマシュヤハに対する訂正の書。著者は文脈上本項主（ISSUES §Db-3）。ID-Master 未登録。	
	Text	المصابيح | مصابيح السنة	al-Maṣābīḥ | Maṣābīḥ al-Sunna	TMP-T-00181	出現: D07321（「سمع مني … كثيرا من المصابيح」）。البغوي の『مصابيح السنة』。ID-Master 未登録（既登録 المشكاة=TMP-T-00119 はその増補『مشكاة المصابيح』で別書）。⚠ repo の既存1ファイルで「المصابيح」に TMP-T-00081（=المنهاج الفرعي لشعبان الآثاري）が流用されている（ISSUES §Db-11）。初版 bibl ref=#NEEDID を解消。	
	Text	أخبار إبراهيم بن أدهم	Akhbār Ibrāhīm b. Adham	TMP-T-00182	出現: D07350（イブン・ハジャルが本項主に読んだ書「فقرأت عليه أخبار إبراهيم بن أدهم」、本項主は幼時に الحجار から聴講）。ハディース小冊子（جزء）。ID-Master 未登録	
