TMP-P-NEW89-01	TMP-P-001213
TMP-P-NEW89-02	TMP-P-001214
TMP-P-NEW89-03	TMP-P-001215
TMP-P-NEW89-04	TMP-P-001216
TMP-P-NEW89-05	TMP-P-001217
TMP-P-NEW89-06	TMP-P-001218
TMP-P-NEW89-07	TMP-P-001219
TMP-P-NEW89-08	TMP-P-001220
TMP-P-NEW89-09	（取り下げ）
TMP-P-NEW89-10	TMP-P-001221
TMP-P-NEW89-11	TMP-P-001222
TMP-P-NEW89-12	TMP-P-001223
TMP-P-NEW89-13	TMP-P-001224
TMP-P-NEW89-14	TMP-P-001225
TMP-P-NEW89-15	TMP-P-001226
TMP-P-NEW90-01	TMP-P-001227
TMP-P-NEW90-02	TMP-P-001228
TMP-P-NEW90-03	TMP-P-001229
TMP-P-NEW90-04	TMP-P-001230
TMP-P-NEW90-05	TMP-P-001231
TMP-P-NEW90-06	TMP-P-001232
TMP-P-NEW90-07	（取り下げ）
TMP-P-NEW90-08	TMP-P-001233
TMP-P-NEW90-09	TMP-P-001234
TMP-P-NEW90-10	TMP-P-001235
TMP-P-NEW90-11	TMP-P-001236
TMP-P-NEW90-12	TMP-P-001237
TMP-P-NEW90-13	TMP-P-001238
TMP-P-NEW90-14	TMP-P-001239
TMP-T-NEW90-01	TMP-T-00194
TMP-T-NEW90-02	TMP-T-00195
TMP-I-NEW90-01	TMP-I-00178
TMP-I-NEW90-02	TMP-I-00179
TMP-L-NEW90-01	TMP-L-00287
TMP-P-NEW91-01	TMP-P-001240
TMP-P-NEW91-02	TMP-P-001241
TMP-P-NEW91-03	TMP-P-001242
TMP-P-NEW91-04	TMP-P-001243
TMP-P-NEW91-05	TMP-P-001244
TMP-P-NEW91-06	TMP-P-001245
TMP-P-NEW91-07	TMP-P-001246
TMP-P-NEW91-08	TMP-P-001247
TMP-P-NEW91-09	TMP-P-001248
TMP-L-NEW91-01	TMP-L-00288
TMP-L-NEW91-02	TMP-L-00289
TMP-L-NEW91-03	TMP-L-00290
TMP-I-NEW91-01	TMP-I-00180
TMP-I-NEW91-02	TMP-I-00181
TMP-I-NEW91-03	TMP-I-00182
TMP-O-NEW91-01	TMP-O-00288
TMP-O-NEW91-02	TMP-O-00289
TMP-N-NEW91-01	TMP-N-05516
TMP-L-NEW92-01	TMP-L-00291
TMP-L-NEW92-02	TMP-L-00292
TMP-I-NEW92-01	TMP-I-00183
TMP-I-NEW92-02	TMP-I-00184
TMP-O-NEW92-01	TMP-O-00290
TMP-T-NEW92-01	TMP-T-00196
TMP-P-NEW92-01	TMP-P-001249
TMP-P-NEW92-02	TMP-P-001250
TMP-P-NEW92-03	TMP-P-001251
TMP-P-NEW93-01	TMP-P-001252
TMP-P-NEW93-02	TMP-P-001253
TMP-P-NEW93-03	TMP-P-001254
TMP-P-NEW93-04	TMP-P-001255
TMP-P-NEW93-05	TMP-P-001256
TMP-P-NEW93-06	TMP-P-001257
TMP-P-NEW93-07	TMP-P-001258
TMP-P-NEW93-08	TMP-P-001259
TMP-P-NEW93-09	TMP-P-001260
TMP-T-NEW93-01	TMP-T-00197
TMP-O-NEWAG-01	TMP-O-00291
TMP-I-NEWAG-01	TMP-I-00185
