AIND	12桁	転送先	cert	見出し	原文
AIND-D00394	408502894922	#AIND-D00375		إبراهيم الزرعي الدمشقي	إبراهيم الزرعي الدمشقي . مضى قريبا في الملقبين ببرهان الدين .
AIND-D00397	319505302366	#AIND-D00376	high(2026-09-09閉合)	إبراهيم السنهوري المالكي	إبراهيم السنهوري المالكي . مضى في الملقبين ببرهان الدين قريبا .
AIND-D00515	868023796832	#AIND-D00500		أحمد بن أحمد بن محمد بن علي بن أبي بكر بن أيوب بن درباس	أحمد بن أحمد بن محمد بن علي بن أبي بكر بن أيوب بن درباس . مضى بدون محمد في نسبه .
AIND-D00522	756614693985	#AIND-D00516		أحمد بن أحمد بن محمد شهاب الدين الطولوني	أحمد بن أحمد بن محمد شهاب الدين الطولوني كبير المهندسين . مضى قريبا فيمن جده محمد بن علي بن عبد الله بن علي . 
AIND-D00530	713165898875	#AIND-D00524		أحمد بن أحمد بن موسى بن إبراهيم الحنبلي بن الضياء	أحمد بن أحمد الحنبلي بن الضياء ، مضى فيمن اسم جده أحمد بن موسى بن إبراهيم .
AIND-D00535	814995211398	#AIND-D01384		أحمد بن أبي أحمد شهاب الدين المغراوي المالكي	أحمد بن أبي أحمد شهاب الدين المغراوي المالكي . يأتي في ابن محمد بن عبد الله .
AIND-D00590	459020436725	#AIND-D00600		أحمد بن أبي بكر بن سراج البابي	أحمد بن أبي بكر بن سراج البابي . فيمن جده علي بن سراج .
AIND-D00612	311716480300	#AIND-D02531		أحمد بن أبي بكر بن محمد بن عثمان بن أحمد بن عمر بن سلامة الم	أحمد بن أبي بكر بن محمد بن عثمان بن أحمد بن عمر بن سلامة المارديني الحلبي الحنفي . ولد سنة سبعين هكذا رأيته بخ
AIND-D00676	257941308831	#AIND-D00669		أحمد بن حسن البطائحي	أحمد بن حسن البطائحي . مضى فيمن جده محمد بن سليمان .
AIND-D00681	396051350955	#AIND-D00657		أحمد بن الحسن العباسي الحنبلي	أحمد بن الحسن العباسي الحنبلي . مضى فيمن جده داود بن سالم .
AIND-D00787	173421889173	#AIND-D07504		أحمد بن ططر	أحمد بن ططر . كذا رأيته بهامش نسختي من الأنباء أظنه نقلا من العيني وصوابه محمد وسيأتي إن شاء الله .
AIND-D00825	282549290706	#AIND-D00835		أحمد بن عبد الرحمن بن عبد الناصر الزبيري . يأتي فيمن جده محم	أحمد بن عبد الرحمن بن عبد الناصر الزبيري . يأتي فيمن جده محمد بن عبد الناصر .
AIND-D00841	100038346482	#AIND-D00821	medium(2026-09-09閉合)	أحمد بن عبد الرحمن بن العلامة جمال الدين بن هشام . مضى أيضا 	أحمد بن عبد الرحمن بن العلامة جمال الدين بن هشام . مضى أيضا فيمن جده محمد بن عبد الله بن يوسف .
AIND-D00862	276308166441	#AIND-D00855		أحمد بن عبد العزيز الشيفكي ثم الشيرازي . مضى فيمن جده أحمد	أحمد بن عبد العزيز الشيفكي ثم الشيرازي . مضى فيمن جده أحمد .
AIND-D00864	986428999469	#AIND-D00544a		أحمد بن عبد القادر بن إبراهيم الصدر أبو البركات بن المجد الم	أحمد بن عبد القادر بن إبراهيم الصدر أبو البركات بن المجد المكراني الأصل المكي الشافعي . مضى في ابن إسماعيل ورأ
AIND-D00926	241046652863	#AIND-D00894		أحمد بن عبد الله الشهاب البوصيري	أحمد بن عبد الله الشهاب البوصيري فيمن جده حسن .
AIND-D00932	344994088904	#AIND-D00883		أحمد بن عبد الله شهاب الدين القزويني	أحمد بن عبد الله شهاب الدين القزويني . مضى فيمن جده أحمد بن محمد بن محمد بن محمد بن يوسف .
AIND-D00933	810326951878	#AIND-D00985	high(2026-09-09閉合)	أحمد بن عبد الله الشهاب القلقشندي	أحمد بن عبد الله الشهاب القلقشندي ، مضى فيمن جده أحمد بن عبد الله وأن صوابه أحمد بن علي بن أحمد بن عبد الله وس
AIND-D00967	650154870807	#AIND-D01367		أحمد بن عربشاه	أحمد بن عربشاه . في ابن محمد بن عبد الله بن إبراهيم .
AIND-D00977	107793614886	#AIND-D01757		أحمد بن علي بن إبراهيم الحلبي	أحمد بن علي بن إبراهيم الحلبي ابن أخي الصوة يأتي في أواخر الأحمدين فيمن لم يسم أبوه .
AIND-D00997	730542901333	#AIND-D00984		أحمد بن علي بن أحمد النويري المالكي	أحمد بن علي بن أحمد النويري المالكي إمام مقام المالكية بمكة . مضى فيمن جده أحمد بن عبد العزيز بن القسم .
AIND-D01017	381769746558	#AIND-D01029		أحمد بن علي بن أبي راجح	أحمد بن علي بن أبي راجح . يأتي فيمن جده محمد بن إدريس .
AIND-D01023	156514650261	#AIND-D01104		أحمد بن علي بن الشيخ أبي العباس بن أبي الحسن القبابلي	أحمد بن علي بن الشيخ أبي العباس بن أبي الحسن القبابلي . يأتي في أحمد ابن علي بدون زيادة .
AIND-D01043	476405827783	#AIND-D00683		أحمد بن علي بن عيسى بن محمد بن عيسى الحسني السمهودي	أحمد بن علي بن عيسى بن محمد بن عيسى الحسني السمهودي . مضى في ابن أبي الحسن .
AIND-D01047	598900476108	#AIND-D01007	high(2026-09-09閉合)	أحمد بن علي بن قوام	أحمد بن علي بن قوام فيمن جده أبو بكر بن محمد بن قوام .#
AIND-D01091	953252055340	#AIND-D01069		أحمد بن علي بن يفتح الله	أحمد بن علي بن يفتح الله . مضى فيمن جده محمد بن محمد بن محمد بن عبد الوهاب .
AIND-D01093	246914484528	#AIND-D00975	cert="medium"	أحمد بن علي بن شهاب الدين بن أبي الروس	أحمد بن علي بن شهاب الدين بن أبي الروس . فيمن جده إبراهيم بن محمد
AIND-D01097	589882722609	#AIND-D01053		أحمد بن علي بن النقيب الحنفي	أحمد بن علي بن النقيب الحنفي فيمن جده محمد بن ضوء .
AIND-D01156	748020566455	#AIND-D01466		أحمد بن عيسى السنباطي الحنبلي	أحمد بن عيسى السنباطي الحنبلي . في ابن محمد بن عيسى بن يوسف .
AIND-D01163	300945508801	#AIND-D01351		أحمد بن أبي القسم بن عبد الرحمن بن محمد بن عبد الرحمن المغرب	أحمد بن أبي القسم بن عبد الرحمن بن محمد بن عبد الرحمن المغربي الخلوف . يأتي فيمن اسم أبيه محمد قريبا .
AIND-D01164	853494729155	#AIND-D01483		أحمد بن أبي القسم بن محمد بن أحمد المحب النويري المكي الخطيب	أحمد بن أبي القسم بن محمد بن أحمد المحب النويري المكي الخطيب . يأتي في أحمد بن محمد .
AIND-D01170	514225867210	#AIND-D01046		أحمد بن قرطاي	أحمد بن قرطاي . مضى في ابن علي بن قرطاي .
AIND-D01234	404532234815	#AIND-D01222		أحمد بن محمد بن أحمد بن محمد بن عبد الله الحراري	أحمد بن محمد بن أحمد بن محمد بن عبد الله الحراري . مضى فيمن جده أحمد بن أبي الفضل .
AIND-D01258	349641378427	#AIND-D01194		أحمد بن محمد بن أحمد الشهاب القسطلاني المكي المالكي	أحمد بن محمد بن أحمد الشهاب القسطلاني المكي المالكي . مضى فيمن جده أحمد بن حسن بن الزين محمد .
AIND-D01260	882552867450	#AIND-D01198	high(2026-09-09閉合)	أحمد بن محمد بن أحمد بن السيف الحنبلي	أحمد بن محمد بن أحمد بن السيف الحنبلي . مضى في السين المهملة من أجداد الأب .
AIND-D01278	255567334052	#AIND-D01266		أحمد بن محمد بن أحمد الهدوي	أحمد بن محمد بن أحمد الهدوي . مضى قريبا فيمن يلقب سواسوا .
AIND-D01292	536820583101	#AIND-D01303	high(2026-09-09閉合)	أحمد بن محمد بن أبي بكر بن سعد الله الواسطي	أحمد بن محمد بن أبي بكر بن سعد الله الواسطي . يأتي فيمن جده أبو بكر بن محمد بن سعد الله .
AIND-D01305	918816819932	#AIND-D01296	high(2026-09-09閉合)	أحمد بن محمد بن أبي بكر بن محمد القسطلاني	أحمد بن محمد بن أبي بكر بن محمد القسطلاني . مضى فيمن جده أبو بكر بن عبد الملك بن محمد بن أحمد .
AIND-D01308	881147775713	#AIND-D01299		أحمد بن النجم محمد بن أبي بكر الشهاب المرجاني الأصل المكي	أحمد بن النجم محمد بن أبي بكر الشهاب المرجاني الأصل المكي . مضى فيمن جده أبو بكر بن علي بن يوسف .
AIND-D01310	417366805220	#AIND-D01255		أحمد بن محمد بن حذيفة المسيري	أحمد بن محمد بن حذيفة المسيري . مضى فيمن جده أحمد رأيته منسوبا لذلك فيمن سمع على التقي بن فهد بمكة .
AIND-D01370	743046122342	#AIND-D01366		أحمد بن محمد بن عبد الله بن حمام	أحمد بن محمد بن عبد الله بن حمام . مضى فيمن جده عبد الله بن إبراهيم .
AIND-D01380	810909961089	#AIND-D01203		أحمد بن محمد بن عبد الله التاج السكندري بن الخراط	أحمد بن محمد بن عبد الله التاج السكندري بن الخراط . فيمن جده أحمد بن عبد الله بن عمر .
AIND-D01382	257354107783	#AIND-D01540		أحمد بن محمد بن عبد الله الشهاب بن الناصح	أحمد بن محمد بن عبد الله الشهاب بن الناصح . يأتي فيمن جده محمد لا عبد الله .
AIND-D01400	114965875604	#AIND-D01284		أحمد بن محمد بن عثمان المزملاتي	أحمد بن محمد بن عثمان المزملاتي . في من جده الياس .
AIND-D01410	101904812982	#AIND-D01212	cert="medium"	أحمد بن محمد بن علي بن تقي	أحمد بن محمد بن علي بن تقي . فيمن جده أحمد بن علي .
AIND-D01469	723559386188	#AIND-D01479		أحمد بن محمد بن الفلاح	أحمد بن محمد بن الفلاح . يأتي قريبا في ابن محمد بن اللاح [= AIND-D01479] .
AIND-D01471	595326930005	#AIND-D01598		أحمد بن محمد بن فهيد المغيربي	أحمد بن محمد بن فهيد المغيربي . يأتي فيمن لم يسم جده [= AIND-D01598] .
AIND-D01478	658648337501	#AIND-D06785		محمد بن أحمد بن عمر بن كحيل	أحمد بن محمد بن كميل . صوابه محمد بن أحمد بن عمر بن كحيل [= AIND-D06785] .
AIND-D01555	327793249546	#AIND-D01505		أحمد بن محمد بن محمد الأبدي	أحمد بن محمد بن محمد الأبدي . فيمن جده محمد بن عبد الرحمن بن علي بن أحمد [= AIND-D01505] .
AIND-D01609	445049212286	#AIND-D00928		أحمد بن محمد الشهاب الحلبي ثم الدمشقي قاضي كرك نوح	أحمد بن محمد الشهاب الحلبي ثم الدمشقي قاضي كرك نوح . مضى في ابن عبد الله .
AIND-D01611	634325568903	#AIND-D01515		أحمد بن محمد الشهاب الطوخي	أحمد بن محمد الشهاب الطوخي الناسخ . مضى فيمن جده محمد بن عثمان .
AIND-D01618	100176760209	#AIND-D01303	high(2026-09-09閉合)	أحمد بن محمد الشهاب الواسطي	أحمد بن محمد الشهاب الواسطي الاصم : مضى فيمن جده أبو بكر بن محمد بن سعد الله .
AIND-D01620	514473332117	#AIND-D01227		أحمد بن محمد النجم والشهاب البامي	أحمد بن محمد النجم والشهاب البامي . مضى فيمن جده أحمد بن محمد بن أحمد بن قريش .
AIND-D01626	744618986919	#AIND-D01591		أحمد بن محمد السنهوري المالكي	أحمد بن محمد السنهوري المالكي . مضى فيمن يعرف بابن عز الدين .
AIND-D01648	476649465329	#AIND-D01306		أحمد بن مظفر بن أبي بكر	أحمد بن مظفر بن أبي بكر . في ابن محمد بن أبي بكر .
AIND-D01671	265713356287	#AIND-D01657		أحمد بن موسى الشهاب بن الضياء الحنبلي	أحمد بن موسى الشهاب بن الضياء الحنبلي . مضى فيمن جده إبراهيم بن طرخان .
AIND-D01708	980225625693	#AIND-D00552		أحمد بن يوسف بن إسماعيل بن عثمان الشهاب الكوراني	أحمد بن يوسف بن إسماعيل بن عثمان الشهاب الكوراني . مضى بدون يوسف [= AIND-D00552]
AIND-D01718	552498892400	#AIND-D01723		أحمد بن يوسف بن محمد البانياسي	أحمد بن يوسف بن محمد البانياسي . سيأتي فيمن لم يسم جده [= AIND-D01723]
AIND-D01725	563064344195	#AIND-D00552		أحمد بن يوسف الكوراني	أحمد بن يوسف الكوراني . مضى فيمن جده إسماعيل بن عثمان وأنه مضى غلطا في أحمد بن إسماعيل بن عثمان بدون يوسف . [=
AIND-D01755	589454905059	#AIND-D01741		أحمد الشهاب السخاوي	أحمد الشهاب السخاوي . مضى قريبا فيمن يعرف بابن مونن [= AIND-D01741] .
AIND-D01914	965780443372	#AIND-D01925		إسماعيل بن إبراهيم بن جوشن	إسماعيل بن إبراهيم بن جوشن سيأتي فيمن جده محمد .
AIND-D01918	339159814385	#AIND-D01923		إسماعيل بن إبراهيم بن شرف	إسماعيل بن إبراهيم بن شرف . يأتي فيمن جده محمد بن علي بن شرف قريبا .
AIND-D01921	305261216747	#AIND-D01923		إسماعيل بن إبراهيم بن علي بن شرف	إسماعيل بن إبراهيم بن علي بن شرف . يأتي قريبا .
AIND-D01930	387234926859	#AIND-D01919		إسماعيل بن إبراهيم الجبرتي	إسماعيل بن إبراهيم الجبرتي . فيمن جده عبد الصمد .
AIND-D02063	267433021987	#AIND-D02054		الطنبغا القرمشي	الطنبغا القرمشي ، مضى قريبا فيمن يلقب سيف الدين .
AIND-D02425	923170510154	#AIND-D02424		جقمق الأرغون شاوي الدوادار	جقمق الأرغون شاوي الدوادار . ولي نيابة دمشق وابتنى فيها في جوار الجامع الاموي مدرسة تعرف بالجقمقية ثم خرج بها 
AIND-D02480	283191023014	#AIND-D02077	high(2026-09-09閉合)	حاجي بن مغلطاي ويقال له أمير حاج	حاجي بن مغلطاي ويقال له أمير حاج ، مضى في الهمزة .
AIND-D02494	412231957514	#AIND-D05719		حدندل	حدندل ، في على غير منسوب .
AIND-D02510	604575372777	#AIND-D02508		حسن بن إبراهيم الخالدي	حسن بن إبراهيم الخالدي . مضى فيمن جده حسين بن إبراهيم قريبا .
AIND-D02529	471923879121	#AIND-D02658		الحسن بن أمير علي بن سنقر حسام الدين بن غرلو	الحسن بن أمير علي بن سنقر حسام الدين بن غرلو نسبة لجد له من جهة الأم . يأتي في آخر من اسمه حسن .
