AIND	現状	REF化日(commit)	commit	型	転送先	corpus帳簿	見出し	原文(先頭120字)
AIND-D01448	実項復帰	2026-07-01	4c38476	له ذكر في	（実項復帰 2026-09-08）	$	أحمد بن محمد بن عمر بن أبي بكر بن عبد الوهاب بن علي بن نزار الطفاوي	أحمد بن محمد بن عمر بن أبي بكر بن عبد الوهاب بن علي بن نزار الطفاوي . له ذكر في أخيه عبد الله .
AIND-D01522	REF	2026-07-01	4c38476	転送指示あり	#AIND-D01482	$$$	أحمد بن محمد بن محمد بن أبي غانم بن الحبال	أحمد بن محمد بن محمد بن أبي غانم بن الحبال . مضى فيمن جده محمد بن أحمد بن أبي غانم .
AIND-D02142	REF	2026-08-16	14297d6	転送指示あり（في أحمد بن مفتاح）	#AIND-D01649	$$$	بديد	بديد في أحمد بن مفتاح .
AIND-D02148	REF	2026-08-16	14297d6	転送指示あり	#AIND-D02150	$$$	بردبك البجمقدار	بردبك البجمقدار يأتي قريبا .
AIND-D02156	REF	2026-08-16	14297d6	転送指示あり	#AIND-D02151	$$$	بردبك قصقا	بردبك قصقا . مضى قريبا .
AIND-D02159	REF	2026-08-16	14297d6	転送指示あり	#AIND-D02157	$$$	بردبك هجين	بردبك هجين . مضى قريبا .
AIND-D02164	実項復帰	2026-08-16	14297d6	二重立項（名のみ、相手側 أظنه）	（実項復帰 2026-09-08）	$	برسباي بلاشه	برسباي بلاشه .
AIND-D02166	REF	2026-08-16	14297d6	転送指示あり	#AIND-D02172	$$$	برسباي الخازندار	برسباي الخازندار . يأتي قريبا في المحمودي .
AIND-D02182	実項復帰	2026-08-16	14297d6	二重立項（سيأتي は伝記本文中の相互参照）	（実項復帰 2026-09-08）	$	بركات بن حسين بن حسن الشيرازي الأصل المكي	بركات بن حسين بن حسن الشيرازي الاصل المكي ويعرف بابن الفتحي شقيق محمد وأحمد المذكورين وهو أصغر الثلاثة . ولد في سنة تسع 
AIND-D02244	実項復帰	2026-08-16	14297d6	二重立項（سيأتي は伝記本文中の相互参照）	（実項復帰 2026-09-08）	$	بير محمد بن علي بن عمر الخواجا جمال الدين الكيلاني المكي	بير محمد بن علي بن عمر الخواجا جمال الدين الكيلاني المكي . مات سنة ستين ، وسيأتي في المحمدين .
AIND-D02267	REF	2026-08-19	fd600c6	転送指示あり	#AIND-D02266	$$$	تغرى بردي الصغير	تغرى بردي الصغير ابن أخي دمرداش . هو الذي قبله .
AIND-D02322	実項復帰	2026-08-16	968e789	二重立項（أظنه الماضي قريبا）	（実項復帰 2026-09-08）	$	تنم	تنم وسمى تنبك نائب دمشق . مات سنة اثنتين وثمانمائة ، وأظنه الماضي قريبا .
AIND-D02543	REF	2026-08-11	9beeac2	転送指示あり（ويعرف بفارس يأتي）	#AIND-D06130	$$$	الحسن بن داود بن حسين الاطفيحي ثم الطنتدائي الغمري	الحسن بن داود بن حسين الاطفيحي ثم الطنتدائي الغمري قاضيها ويعرف بفارس ياتي
AIND-D02548	REF	2026-08-11	9beeac2	転送指示あり	#AIND-D02547	$$$	الحسن بن سودون الفقيه	الحسن بن سودون الفقيه . هو الذي قبله .
AIND-D02590	REF	2026-08-11	9beeac2	転送指示あり	#AIND-D02586	$$$	حسن بن علي بن محمد بن علي البدر أبو عبد الله بن الصواف	حسن بن علي بن محمد بن علي البدر أبو عبد الله بن الصواف . مضى فيمن جد أبيه علي بن محمد بن أحمد تقريبا .
AIND-D02595	REF	2026-08-11	9beeac2	転送指示あり	#AIND-D02575	$$$	حسن بن علي بن محمد حسام الدين الابيوردي	حسن بن علي بن محمد حسام الدين الابيوردي . مضى فيمن جده حسن .
AIND-D02710	REF	2026-08-11	4d86d8f	転送指示あり	#AIND-D02759	$$$	حسين بن علاء الدولة	حسين بن علاء الدولة ، سيأتي فيمن لم يسم أبوه .
AIND-D02721	REF	2026-08-16	14297d6	転送指示あり	#AIND-D02712	$$$	حسين بن علي بن عبد الله الشرف الفارقي ثم الزبيدي	حسين بن علي بن عبد الله الشرف الفارقي ثم الزبيدي أحد أعيان تجار اليمن . مضى فيمن جده أبو بكر بن سعادة .
AIND-D02729	REF	2026-08-16	14297d6	転送指示あり	#AIND-D02712	$$$	حسين بن علي الشرف الفارقي	حسين بن علي الشرف الفارقي . مضى فيمن جده أبو بكر بن سعادة
AIND-D03054	REF	2026-08-21	1a65014	転送指示あり	#AIND-D07104	$$$	سالم بن إسماعيل بن الحسن البابي ثم الحلبي	سالم بن إسماعيل بن الحسن البابي ثم الحلبي في محمد
AIND-D03309	REF	2026-08-11	4d86d8f	転送指示あり	#AIND-D03316	$$$	شعبان بن داود الآثاري	شعبان بن داود الآثاري . في ابن محمد بن داود .
AIND-D03331	REF	2026-08-11	4d86d8f	転送指示あり	#AIND-D07966	$$$	شمس بن عطاء الله الهروي	شمس بن عطاء الله الهروي . في محمد .
AIND-D03391	REF	2026-08-11	4d86d8f	転送指示あり	#AIND-D03070	$$$	صرداح بن مقبل	صرداح بن مقبل . مضى في سرداح من السين المهملة .
AIND-D03459	REF	2026-08-11	4d86d8f	転送指示あり	#AIND-D10714	$$$	ظهيرة بن عبد الله بن ظهيرة بن أحمد	ظهيرة بن عبد الله بن ظهيرة بن أحمد . يأتي في أبي بكر من الكنى
AIND-D03476	REF	2026-08-11	4d86d8f	転送指示あり	#AIND-D03472	$$$	العباس بن المتوكل بن المعتضد	العباس بن المتوكل بن المعتضد . مضى قريبا في ابن محمد بن أبي بكر بن سليمان .
AIND-D03502	REF	2026-08-11	4d86d8f	転送指示あり	#AIND-D03498	$$$	عبد الباسط المباشر بجدة	عبد الباسط المباشر بجدة . مضى فيمن أبوه محمد بن محمد بن أحمد .
AIND-D03577	REF	2026-08-11	4d86d8f	転送指示あり	#AIND-D03589	$$$	عبد الرحمن بن أحمد بن عياش	عبد الرحمن بن أحمد بن عياش . يأتي فيمن جده محمد بن محمد قريبا .
AIND-D03614	REF	2026-08-16	14297d6	転送指示あり	#AIND-D03606	$$$	عبد الرحمن بن أبي بكر بن يحيى الزوقري	عبد الرحمن بن أبي بكر بن يحيى الزوقري . فيمن جده عبد الله .
AIND-D03654	REF	2026-09-01	254c420	転送指示あり	#AIND-D03661	$	عبد الرحمن بن عبد الله بن جمال الثناء البصري المكي	عبد الرحمن بن عبد الله بن جمال الثناء البصري المكي ، يأتي قريبا فيمن جده عبد الله بن عبد الرحمن .
AIND-D03703	REF	2026-09-01	254c420	転送指示あり	#AIND-D03698	$	عبد الرحمن بن علي بن محمد بن مفتاح البعلي	عبد الرحمن بن علي بن محمد بن مفتاح البعلي . مضى فيمن جده محمد بن عبد الرحمن بن محمد بن مفتاح قريبا . عبد الرحمن بن علي ب
AIND-D03788	REF	2026-09-01	254c420	転送指示あり	#AIND-D03768	$	عبد الرحمن بن محمد بن محمد بن سلامة الماكسيني	عبد الرحمن بن محمد بن محمد بن سلامة الماكسيني . مضى فيمن جده أبو عبد الله .
AIND-D04026	REF	2026-09-03	76772dd	転送指示あり	#AIND-D04023	$	عبد العزيز بن يوسف الخواجا السلطاني	عبد العزيز بن يوسف الخواجا السلطاني . مضى فيمن جده عبد العزيز .
AIND-D04084	REF	2026-09-05	6001a0b	転送指示あり	#AIND-D04050	$	عبد الغني بن الهيصم	عبد الغني بن الهيصم . فيمن اسم أبيه إبراهيم .
AIND-D04103	REF	2026-09-05	6001a0b	転送指示あり	#AIND-D04099	$	عبد القادر بن أحمد بن محمد بن نشوان	عبد القادر بن أحمد بن محمد بن نشوان . مضى فيمن جده محمد بن إبراهيم
AIND-D04176	REF	2026-09-05	6001a0b	転送指示あり	#NEEDID	$	عبد القادر بن محمد بن تميم المقريزي	عبد القادر بن محمد بن تميم المقريزي . مضى فيمن جده إبراهيم بن محمد بن تميم .
AIND-D04180	REF	2026-09-05	6001a0b	転送指示あり	#AIND-D04210	$	عبد القادر بن محمد بن راشد	عبد القادر بن محمد بن راشد . فيمن لم يسم جده .
AIND-D04206	REF	2026-09-05	6001a0b	転送指示あり	#AIND-D04222	$	عبد القادر بن البدر محمد بن أبي النجا محمد الطحطوطي الاسطائي	عبد القادر بن البدر محمد بن أبي النجا محمد الطحطوطي الأصل الاسطائي نسبة لبلد من الفيوم ويعرف أبوه بالحجازي . معتقد شهير 
AIND-D04342	REF	2026-09-08	7ae26be	転送指示あり	#AIND-D04353	$$$	عبد اللطيف بن محمد بن أحمد	عبد اللطيف بن محمد بن أحمد . يأتي فيمن جده عبد الله .
AIND-D04395	REF	2026-09-08	7ae26be	転送指示あり	#AIND-D04664	$$$	عبد الله بن أحمد بن عبد الله الجمال النحريري المالكي قاضي حلب وابن قاضيها	عبد الله بن أحمد بن عبد الله الجمال النحريري المالكي قاضي حلب وابن قاضيها . يأتي فيمن لم يسم أبوه فأظن أنه ابن أحمد بن ع
AIND-D05508	REF	2026-09-05	6001a0b	転送指示あり	#AIND-D05476	$	علي بن محمد بن علي السيرجي ثم المكي	علي بن محمد بن علي السيرجي ثم المكي . فيمن جده علي بن خليل .
AIND-D05536	REF	2026-09-05	6001a0b	転送指示あり	#AIND-D05447	$	علي بن محمد بن قحر	علي بن محمد بن قحر بقاف مضمومة ثم حاء مهملة وآخره راء . مضى فيمن جده عبد العلي قحر وهو مع الماضي قريبا يدخل في المتفق وا
AIND-D05537	REF	2026-09-05	6001a0b	転送指示あり	#AIND-D12663	$	علي بن محمد بن قوام	علي بن محمد بن قوام . مضى في ابن قوام .
AIND-D05560	REF	2026-09-05	6001a0b	転送指示あり	#AIND-D09233	$	علي بن محمد بن محمد بن محمد بن محمد بن محمد العلاء البخاري	علي بن محمد بن محمد بن محمد بن محمد بن محمد العلاء البخاري . صوابه محمد يأتي .
AIND-D05561	REF	2026-09-05	6001a0b	転送指示あり	#AIND-D05566	$	علي بن محمد بن محمد بن محمد بن وفا	علي بن محمد بن محمد بن محمد بن وفا . يأتي بدون محمد الثالث .
AIND-D05570	REF	2026-09-05	6001a0b	転送指示あり	#AIND-D05543	$	علي بن محمد بن محمد الصدر الأدمي	علي بن محمد بن محمد الصدر الأدمي . فيمن جده محمد بن أحمد .
AIND-D05573	REF	2026-09-05	6001a0b	転送指示あり	#AIND-D05552	$	علي بن محمد بن محمد أبو الحسن البسطي	علي بن محمد بن محمد أبو الحسن البسطي . مضى فيمن جده محمد بن علي .
AIND-D05574	REF	2026-09-05	6001a0b	転送指示あり	#AIND-D05543	$	علي بن محمد بن محمد الأدمي	علي بن محمد بن محمد الأدمي . فيمن جده محمد بن أحمد .
AIND-D05575	REF	2026-09-05	6001a0b	転送指示あり	#AIND-D05552	$	علي بن محمد بن محمد الأندلسي القلصاوي الحيوب البسطي	علي ابن محمد بن محمد الأندلسي القلصاوي الحيوب هو البسطي مضى فيمن جده محمد بن علي .
AIND-D05576	REF	2026-09-05	6001a0b	転送指示あり	#AIND-D09382	$	علي بن محمد بن محمد الدلجي الأصل القاهري الوزيري المهتار فطيس	علي بن محمد بن محمد الدلجي الأصل القاهري الوزيري المهتار فطيس . يأتي له ذكر في أبيه .
AIND-D05577	REF	2026-09-05	6001a0b	転送指示あり	#AIND-D05337	$	علي بن محمد بن محمود بن حميدان	علي بن محمد بن محمود بن حميدان . في ابن أبي الفرج .
AIND-D05585	REF	2026-09-05	6001a0b	転送指示あり	#AIND-D05566	$	علي بن محمد بن وفا أبو الحسن الشاذلي	علي بن محمد بن وفا أبو الحسن الشاذلي . مضى في ابن محمد بن وفا .
AIND-D05603	REF	2026-09-05	6001a0b	転送指示あり	#AIND-D05281	$	علي بن محمد نور الدين المقري ابن القاصح	علي بن محمد نور الدين المقري ابن القاصح . كذا ذكره شيخنا في إنبائه . وصوابه ابن عثمان بن محمد بن أحمد وقد مضى .
AIND-D05607	REF	2026-09-05	6001a0b	転送指示あり	#AIND-D05429	$	علي بن محمد العلاء أبو الحسن بن الجندي المحلي الحنفي النقيب	علي بن محمد العلاء أبو الحسن بن الجندي المحلي الحنفي النقيب . فيمن جده خضر بن أيوب
AIND-D05609	REF	2026-09-05	6001a0b	転送指示あり	#AIND-D05464	$	علي بن محمد النور أبو الحسن الإشليمي	علي بن محمد النور أبو الحسن الإشليمي . فيمن جده عثمان بن أيوب بن عثمان .
AIND-D05610	REF	2026-09-05	6001a0b	転送指示あり	#AIND-D05526	$	علي بن محمد النور أبو الحسن الأشمعوني	علي بن محمد النور أبو الحسن الأشمعوني . مضى فيمن جده عيسى .
AIND-D05619	REF	2026-08-21	1a65014	転送指示あり	#AIND-D05422	$$$	علي بن ناصر الدين محمد الغمري	علي بن ناصر الدين محمد الغمري . مضى في ابن محمد بن حسن بن محمد بن حسن .
AIND-D05622	REF	2026-09-03	76772dd	転送指示あり	#AIND-D05543	$	علي بن محمد بن الأدمي الحنفي	علي بن محمد بن الأدمي الحنفي . فيمن اسم جده محمد بن أحمد .
AIND-D05624	REF	2026-09-03	76772dd	転送指示あり	#AIND-D05393	$	علي بن محمد الأقواسي	علي بن محمد الأقواسي . فيمن جده أحمد .
AIND-D05629	REF	2026-09-03	76772dd	転送指示あり	#AIND-D05447	$	علي بن محمد الزبيدي الشافعي	علي بن محمد الزبيدي الشافعي . فيمن جده عبد العلي بن قحر .
AIND-D05630	REF	2026-09-03	76772dd	転送指示あり	#AIND-D05371	$	علي بن محمد السطيح	علي بن محمد السطيح . فيمن جده أحمد بن عبد الله بن حسن .
AIND-D05633	REF	2026-09-03	76772dd	転送指示あり	#AIND-D05432	$	علي بن محمد الطائي	علي بن محمد الطائي ، فيمن جده سعد بن محمد بن عثمان .
AIND-D05638	REF	2026-09-03	76772dd	転送指示あり	#AIND-D05462	$	علي بن محمد الناسخ الكاتب	علي بن محمد الناسخ الكاتب . مضى فيمن جده عبد النصير .
AIND-D05653	REF	2026-09-03	76772dd	転送指示あり	#AIND-D05273	$	علي بن المصلية	علي بن المصلية . هو ابن عبد الوهاب بن أبي بكر .
AIND-D05663	REF	2026-09-03	76772dd	転送指示あり	#AIND-D05661	$	علي بن موسى بن قريش المكي	علي بن موسى بن قريش المكي . فيمن جده علي قريبا
AIND-D05687	REF	2026-09-03	76772dd	転送指示あり	#AIND-D05701	$	علي بن يوسف بن أبي البركات الملطي	علي بن يوسف بن أبي البركات الملطي . فيمن جده موسى بن محمد .
AIND-D05702	REF	2026-08-21	1a65014	転送指示あり	#AIND-D05686	$$$	علي بن يوسف الخواجا نور الدين البهلوان	علي بن يوسف الخواجا نور الدين البهلوان . مضى فيمن جده إسماعيل .
AIND-D05708	REF	2026-09-03	76772dd	転送指示あり	#AIND-D05073	$	علي نور الدين بن بطيخ المقري	علي نور الدين بن بطيخ المقري . ذكرته في الموحدة من الآباء .
AIND-D05709	REF	2026-09-03	76772dd	転送指示あり	#AIND-D05429	$	علي بن محمد بن خضر بن أيوب العلاء المحلي الحنفي	علي العلاء بن الجندي المحلي الحنفي نقيب الشافعي . في ابن محمد بن خضر بن أيوب .
