file	element	attribute	hijri_value	stored_ce	gregorian_ce	precision
Individuals/AIND-D01689_876018142767.xml	death	when	0876-06-26	1471-12-10	1471-12-19	day
Individuals/AIND-D01750_532487868112.xml	death	when	0859-05-05	1455-04-23	1455-05-02	day
Individuals/AIND-D02015_461461524917.xml	death	when	0803-05-16	1401-01-02	1401-01-11	day
Individuals/AIND-D03249_614939499578.xml	death	when	0880-09	1475-12	1476-01	month
Individuals/AIND-D03252_123794889783.xml	death	when	0877-01-01	1472-06-08	1472-06-17	day
Individuals/AIND-D03262_933182315609.xml	death	when	0864-03	1459-12	1460-01	month
Individuals/AIND-D03262_933182315609.xml	event	when	0864-03	1459-12	1460-01	month
Individuals/AIND-D03263_955525373021.xml	death	when	0892-05	1487-04	1487-05	month
Individuals/AIND-D03265_477886422113.xml	death	when	0889-02	1484-02	1484-03	month
Individuals/AIND-D03265_477886422113.xml	event	when	0889-02	1484-02	1484-03	month
Individuals/AIND-D03288_495934512268.xml	death	when	0837-11-19	1434-06-27	1434-07-06	day
Individuals/AIND-D03289_438891977868.xml	death	when	0844-10	1441-02	1441-03	month
Individuals/AIND-D03294_226693749916.xml	death	when	0810-11	1408-03	1408-04	month
Individuals/AIND-D03295_653279786067.xml	death	when	0853-02	1449-03	1449-04	month
Individuals/AIND-D03886_195702039004.xml	death	when	0886-09	1481-10	1481-11	month
Individuals/AIND-D03892_510958510572.xml	death	when	0853-08-13	1449-10-01	1449-10-10	day
Individuals/AIND-D03903_452141785592.xml	death	when	0874-03-15	1469-09-22	1469-10-01	day
Individuals/AIND-D03913_995090244114.xml	death	when	0886-09	1481-10	1481-11	month
Individuals/AIND-D03929_832468689454.xml	birth	when	0844-05	1440-09	1440-10	month
Individuals/AIND-D03937_784125141576.xml	death	when	0888-01-27	1483-03-07	1483-03-16	day
Individuals/AIND-D03966_930823945348.xml	death	when	0710-11-09	1311-03-30	1311-04-07	day
Individuals/AIND-D03991_601995879093.xml	death	when	0891-10	1486-09	1486-10	month
Individuals/AIND-D03997_156984419003.xml	death	when	0867-02	1462-10	1462-11	month
Individuals/AIND-D04021_459251131127.xml	death	when	0880-09	1475-12	1476-01	month
Individuals/AIND-D04023_905126617852.xml	death	when	0844-06	1440-10	1440-11	month
Individuals/AIND-D04025_653086696190.xml	death	when	0872-10-06	1468-04-29	1468-05-08	day
Individuals/AIND-D04028_636271731465.xml	death	when	0892	1486	1487	year
Individuals/AIND-D04060_300341535549.xml	death	when	0808-05-25	1405-11-18	1405-11-27	day
Individuals/AIND-D04064_938756547395.xml	death	when	0881-03-30	1476-07-23	1476-08-01	day
Individuals/AIND-D04071_980292739919.xml	birth	when	0835-12-26	1432-08-24	1432-09-02	day
Individuals/AIND-D04085_737337680773.xml	death	when	0892-01	1486-12	1487-01	month
Individuals/AIND-D04102_831076180901.xml	death	when	0885-12-23	1481-02-23	1481-03-04	day
Individuals/AIND-D04105_244599235501.xml	death	when	0880-08-16	1475-12-15	1475-12-24	day
Individuals/AIND-D04105_244599235501.xml	event	when	0880-08-16	1475-12-15	1475-12-24	day
Individuals/AIND-D04133_688964772838.xml	birth	when	0760-10	1359-08	1359-09	month
Individuals/AIND-D04133_688964772838.xml	death	when	0844-07-21	1440-12-16	1440-12-25	day
Individuals/AIND-D04140_302887478265.xml	death	when	0878-07	1473-11	1473-12	month
Individuals/AIND-D04150_517224801300.xml	event	when	0892-06	1487-05	1487-06	month
Individuals/AIND-D04157_386115052576.xml	death	when	0826-11-15	1423-10-20	1423-10-29	day
Individuals/AIND-D04175_170864168360.xml	event	when	0802-09	1400-04	1400-05	month
Individuals/AIND-D04187_905151784007.xml	death	when	0891-01-18	1486-01-24	1486-02-02	day
Individuals/AIND-D04193_382835106906.xml	death	when	0864-06	1460-03	1460-04	month
Individuals/AIND-D04215_674272126098.xml	death	when	0861-04-05	1457-03-02	1457-03-11	day
Individuals/AIND-D04224_562053522600.xml	death	when	0892-04	1487-03	1487-04	month
Individuals/AIND-D04225_578772018344.xml	death	when	0869-12-07	1465-07-31	1465-08-09	day
Individuals/AIND-D04254_927306097908.xml	death	when	0855-09	1451-09	1451-10	month
Individuals/AIND-D04258_975255381240.xml	death	when	0866-12-23	1462-09-18	1462-09-27	day
Individuals/AIND-D04268_117557961991.xml	death	when	0850-07-06	1446-09-27	1446-10-06	day
Individuals/AIND-D04271_618060064008.xml	death	when	0820-12-29	1418-02-06	1418-02-15	day
Individuals/AIND-D04283_828991612191.xml	death	when	0876-08-29	1472-02-10	1472-02-19	day
Individuals/AIND-D04293_688213992760.xml	death	when	0805-07	1403-01	1403-02	month
Individuals/AIND-D04295_495749965120.xml	death	when	0890-09-14	1485-09-24	1485-10-03	day
Individuals/AIND-D04296_662913951042.xml	death	when	0855-07	1451-07	1451-08	month
Individuals/AIND-D04300_711156835665.xml	death	when	0850-02	1446-04	1446-05	month
Individuals/AIND-D04371_229579433429.xml	death	when	0854-12-08	1451-01-12	1451-01-21	day
Individuals/AIND-D05088_137841617931.xml	death	when	0892-03	1487-02	1487-03	month
Individuals/AIND-D05097_532861168664.xml	death	when	0883-11	1479-01	1479-02	month
Individuals/AIND-D05106_396395293771.xml	death	when	0883-05	1478-07	1478-08	month
Individuals/AIND-D05109_231672392782.xml	death	notBefore	0892-01	1486-12	1487-01	month
Individuals/AIND-D05133_924583996560.xml	death	when	0864-04	1460-01	1460-02	month
Individuals/AIND-D05134_101317618836.xml	death	when	0895-05	1490-03	1490-04	month
Individuals/AIND-D05145_899506252971.xml	death	when	0866-01-03	1461-10-08	1461-10-17	day
Individuals/AIND-D05150_673068362935.xml	death	when	0867-01	1462-09	1462-10	month
Individuals/AIND-D05151_232469310648.xml	death	when	0878-01	1473-05	1473-06	month
Individuals/AIND-D05159_348848663755.xml	death	when	0844-04-11	1440-09-09	1440-09-18	day
Individuals/AIND-D05160_411259907278.xml	death	when	0867-12-01	1463-08-17	1463-08-26	day
Individuals/AIND-D05176_722045250818.xml	death	when	0891-09-22	1486-09-21	1486-09-30	day
Individuals/AIND-D05179_296164011270.xml	death	when	0858-12	1454-11	1454-12	month
Individuals/AIND-D05183_214756764940.xml	death	when	0861-06	1457-04	1457-05	month
Individuals/AIND-D05229_922902080884.xml	death	when	0805-12-08	1403-06-29	1403-07-08	day
Individuals/AIND-D05233_827964009849.xml	death	when	0878-04	1473-08	1473-09	month
Individuals/AIND-D05501_512141307855.xml	death	when	0819-12-26	1417-02-14	1417-02-23	day
Individuals/AIND-D05510_130606444513.xml	death	when	0895-06	1490-04	1490-05	month
Individuals/AIND-D05518_698171273210.xml	event	when	0895-10-01	1490-08-18	1490-08-27	day
Individuals/AIND-D05531_915713044490.xml	death	when	0892	1486	1487	year
Individuals/AIND-D05533_178090160143.xml	death	when	0892-03	1487-02	1487-03	month
Individuals/AIND-D05563_383028047951.xml	death	when	0864-07	1460-04	1460-05	month
Individuals/AIND-D05569_633880981590.xml	death	when	0875-09	1471-02	1471-03	month
Individuals/AIND-D05581_525185593442.xml	death	when	0861-12-21	1457-11-09	1457-11-18	day
Individuals/AIND-D05582_326623047773.xml	death	when	0839-02	1435-08	1435-09	month
Individuals/AIND-D05591_426552340589.xml	death	when	0881-01	1476-04	1476-05	month
Individuals/AIND-D05601_651677413497.xml	birth	when	0801-10-01	1399-06-06	1399-06-14	day
Individuals/AIND-D08902c_602148388472.xml	death	when	0816-07	1413-09	1413-10	month
Individuals/AIND-D08910a_118458148914.xml	birth	when	0791-01	1388-12	1389-01	month
Individuals/AIND-D08910a_118458148914.xml	death	when	0863-11-20	1459-09-18	1459-09-27	day
Individuals/AIND-D08912a_698862841453.xml	death	when	0853-03-23	1449-05-16	1449-05-25	day
Individuals/AIND-D08924a_132806710251.xml	death	when	0896-03-12	1491-01-23	1491-02-01	day
Individuals/AIND-D08929a_928967301809.xml	death	when	0867-01-06	1462-10-01	1462-10-10	day
Individuals/AIND-D08989a_997160587771.xml	death	when	0878-05	1473-09	1473-10	month
Individuals/AIND-D09103a_258298454901.xml	death	when	0866-12-21	1462-09-16	1462-09-25	day
Individuals/AIND-D09231a_578675007992.xml	death	when	0830-09-22	1427-07-17	1427-07-26	day
Individuals/AIND-D09231a_578675007992.xml	event	when	0830-09	1427-06	1427-07	month
Individuals/AIND-D09231b_552059165461.xml	birth	when	0810-05-11	1407-10-14	1407-10-23	day
Individuals/AIND-D09231b_552059165461.xml	death	when	0869-07-12	1465-03-10	1465-03-19	day
Individuals/AIND-D10060b_667630515212.xml	birth	notAfter	0790	1388	1389	year
Individuals/AIND-D10112a_617390481296.xml	death	when	0839-07-26	1436-02-14	1436-02-23	day
Individuals/AIND-D10112c_335078278722.xml	death	when	0859-12-08	1455-11-19	1455-11-28	day
Individuals/AIND-D10115c_206407264507.xml	death	when	0833-07	1430-03	1430-04	month
Individuals/AIND-D10176a_210331571985.xml	death	when	0864-05	1460-02	1460-03	month
Individuals/AIND-D10379a_298688504979.xml	death	when	0873-08-15	1469-02-28	1469-03-09	day
Individuals/AIND-D10469a_627451851999.xml	death	when	0829-01-13	1425-11-25	1425-12-04	day
Individuals/AIND-D10470b_510785826506.xml	death	when	0869-12	1465-07	1465-08	month
Individuals/AIND-D10823a_676572305263.xml	death	when	0820-12-09	1418-01-17	1418-01-26	day
