熊倉	Institution	الجانبكية | المدرسة الجانبكية	al-Jānibakiyya	TMP-I-00163	出現: D04482（「قرأ على الأمين الأقصرائي بالجانبكية」833H）。カイロのジャーニバキーヤ学院（ハナフィー派、D06475 に「سعد الدين محمد شيخ الجانبكية」）。ID-Master 未登録（Nisbah الجانبكي=TMP-N-02464 のみ）。初版は placeName ref='#TMP-I-00000'（零番号）＋ affiliation #NEEDID。	
熊倉	Institution	سبيل المؤيد بالمسجد الحرام تجاه الحجر الأسود | السبيل الذي أنشأه المؤيد بالمسجد تجاه الحجر الأسود	Sabīl al-Muʾayyad bi-l-Masjid al-Ḥarām tujāha al-Ḥajar al-Aswad	TMP-I-00164	出現: D07337（「وباسمه … السبيل الذي أنشأه المؤيد بالمسجد تجاه الحجر الأسود」）。スルターン・アル＝ムアイヤド・シャイフ（#AIND-D03345）がマッカ聖モスク内の黒石正面に設けた給水所。既登録の سبيل 系（TMP-I-00111 カイロ／TMP-I-00122 マッカ السويقة）とは別実体。state の職ID は既存 خادم السبيل=TMP-O-00184 を cert medium で充当（ISSUES §Db-6）。	
熊倉	Institution	الجردكية | المدرسة الجردكية (حلب)	al-Jardakiyya	TMP-I-00165	出現: D07357（「مدرسا بالجردكية」）・D08746（子「استقر بعد أبيه في تدريس الجردكية」）。ハラブのマドラサ。ID-Master 未登録	
熊倉	Location	شنين	Shanīn	TMP-L-00274	出現: D04469（没地・居住地「مات بالطاعون … ببلده شنين」）。イエメンの町（ニスバ الشنيني=TMP-N-01802 の由来地。D00045 に「الشنيني بفتح المعجمة وكسر النونين بينهما تحتانية」の読み注記）。ID-Master 未登録。初版 #NEEDID を解消。 【2026-09-24 Waka 裁定】イエメン・イッブ県ムハーディル郡（المخادر، إب）の شنين。GeoNames に裸形の単独項目は無く、同郡に شنين القبة (gn:7360192)・شنين النوبة (gn:7360193) の2件（同一の歴史的村落の分村か）。gn は付さない。	
熊倉	Location	بين القصرين	Bayn al-Qaṣrayn	TMP-L-00275	出現: D07313（埋葬地「دفن بالبرقوقية بين القصرين」）。カイロ・ムイッズ通りの両宮殿間地区。corpus に12回出現（D13081「بمدرسة الظاهر برقوق بين القصرين」等）し再利用見込み。ID-Master 未登録（البرقوقية=TMP-I-00029 は同地区内の施設で別実体）。	
熊倉	Location	المرقب	al-Marqab	TMP-L-00276	出現: D07382（「ولاه الأشرف برسباي نيابة المرقب … فدام بالمرقب مدة」）。シリア沿岸の要塞都市マルカブ（Margat、طرابلس 管区）。ID-Master 未登録（ニスバ المرقبي=TMP-N-01489 のみ）。geonames 照合は Waka 側。	
熊倉	Nisbah	الدقاق	al-Daqqāq	TMP-N-05514	出現: D07350（محمد بن حسن بن عبد الرحيم الصالي الدقاق）。職業ニスバ（製粉業）。ID-Master 未登録	
熊倉	Office	شيخ أبشية الملق	shaykh Abshiyyat al-Malaq	TMP-O-00270	出現: D04485（「شيخ أبشية الملق من الغربية」＝ガルビーヤ県の村の村長）。repo 先例 شيخ بلقس(TMP-O-00257)・شيخ نابلس(TMP-O-00139) に倣い村名付き職として発行。村は TMP-L-00234（أبشيه الملق）。初版 #TMP-O-00000（零番号）を解消。	
熊倉	Office	المدير في الجيش | مدير الجيش	al-mudīr fī al-jaysh	TMP-O-00271	出現: D07320（「محمد بن جوهر المدير في الجيش」、836年アレッポ没）。軍の管理官。既登録 مدير ديوان（TMP-O-00017）とは対象が異なるため別行。初版 state ref=#NEEDID を解消。	
熊倉	Office	مباشر جدة | أحد مباشري جدة	mubāshir Jidda	TMP-O-00272	出現: D07374（「أحد مباشري جدة」）。ジッダの行政実務官。既存 مباشرة الاسطبل(O-00162)・مباشر سقاية العباس(O-00227) と同系列	
熊倉	Office	شيخ الناحية (المنزلة ومنية بدران)	shaykh al-nāḥiya	TMP-O-00273	出現: D07381（「شيخ تلك الناحية المنزلة ومنية بدران وما يجاورهما」）。エジプト・ダカフリーヤ方面の在地長。既存 شيخ نابلس(O-00139)・شيخ بلقس(O-00257) と同型	
熊倉	Office	القيام بالزاوية | شيخ زاوية داود الحكمي (بسعد)	al-qiyām bi-l-zāwiya	TMP-O-00274	出現: D07378（「خلفه في القيام بزاويته」＝父 #AIND-D02958 داود الحكمي の قرية سعد のザーウィヤ運営を継承）。既存 شيخ زاوية عمر(O-00265) と同型	
熊倉	Office	نقيب السقاة	naqīb al-suqāt	TMP-O-00275	出現: D07694（「نقيب السقاة … استقر نقيب السقاة عقب عمه」）。カイロの水運び人（سقاة）組合の頭。corpus では D06489（شفتر）・D10192（وفا）も同職。汎用 نقيب=TMP-O-00067 とは別。既存 رأس نوبة السقاة=TMP-O-00123 はマムルーク宮廷の酌人隊長で別職。	
熊倉	Office	الخواص	al-khawwāṣ	TMP-O-00276	出現: D07671（見出し末尾「المدني الحنفي الخواص」）。ナツメヤシ葉（خوص）細工職人。ニスバ الخواصي=TMP-N-02940 とは別（職業名）。repo の الخياط（wd:Q242468、state type='office'）と同型処理。	
熊倉	Office	زعيم تونس	zaʿīm Tūnis	TMP-O-00277	出現: D07686（見出し「محمد بن عبد العزيز زعيم تونس」）。チュニスの首長・領袖。صاحب فاس=TMP-O-00151 等の地域限定君主号と同型（職officeか称号titleかは Waka 判断要）。	
熊倉	Person	الشهاب أبو العباس أحمد بن عبد الرحمن المرداوي	al-Shihāb Abū al-ʿAbbās Aḥmad b. ʿAbd al-Raḥmān al-Mardāwī	TMP-P-001146	出現: D04507（師「سمع من أبي العباس المرداوي مجالس المخلدي الثلاثة」）。8世紀ダマスクス（サーリヒーヤ）のハンバリー派伝承者。corpus では D01482「سمع من الشهاب أحمد بن عبد الرحمن المرداوي مجالس المخلدي الثلاثة」のほか L40296／L40908／L55724／L69820／L100804／L136170 に師として頻出、L54145「المرداوي خاتمة أصحاب عمر الكرماني … مجالس المخلدي」。al-Ḍawʾ 立項なし（801H以前没）・ID-Master 未登録（Nisbah المرداوي=TMP-N-00220 のみ）。初版 #NEEDID を解消。【2026-09-21 付け替え: 当初 TMP-P-001115 を充てたが、B87 採番後に篠田氏が同番号を ناصر الدين بن البارزي に使用（シート行7682）していたため 001146 へ移した。】	
熊倉	Person	النور أبو الحسن علي بن أحمد بن عبد العزيز العقيلي النويري المكي	al-Nūr Abū al-Ḥasan ʿAlī b. Aḥmad b. ʿAbd al-ʿAzīz al-ʿUqaylī al-Nuwayrī al-Makkī	TMP-P-001116	出現: D04500（父）。マッカのマーリク派マカーム・イマーム（8世紀）。corpus L84842「إمام المالكية النور أبو الحسن علي بن أحمد بن عبد العزيز العقيلي النويري」で実体特定。子＝#AIND-D00984（أحمد、780生）・#AIND-D03684（عبد الرحمن、773生「ولي امامة مقام المالكية بعد أبيه」）・TMP-P-000943（الولوي محمد）・本項 D04500（عبد الله）。corpus 本伝なし・ID-Master 未登録。初版は father relation 無し。	
熊倉	Person	محمد بن عبد الرحمن بن عبد الرحيم بن محمد بن عبد الله بن بكتمر (ابن الحاجب)	Muḥammad b. ʿAbd al-Raḥmān b. ʿAbd al-Raḥīm (Ibn al-Ḥājib)	TMP-P-001117	出現: D04471（甥「مات معه في يومه ابن أخيه محمد بن عبد الرحمن بن عبد الرحيم」、853年ペストで本項主と同日没）。父＝#AIND-D03644（عبد الرحمن）、祖父＝#AIND-D03881（عبد الرحيم）。ابن الحاجب 家（バーブ・アン＝ナスルのマドラサ創建者 بكتمر الحاجب の子孫）。corpus 本伝なし・ID-Master 未登録。初版 #NEEDID を解消。	
熊倉	Person	عبد القادر بن عبد القادر الطرابلسي	ʿAbd al-Qādir b. ʿAbd al-Qādir al-Ṭarābulusī	TMP-P-001118	出現: D04475（父）。見出しナサブ「عبد الله بن عبد القادر بن عبد القادر الطرابلسي ويعرف بابن الحبال」から1段ずらして復元（統一規則3）。corpus 本伝なし・ID-Master 未登録。初版 relation 無し。⚠汎用名（名＋父名のみで識別要素がニスバのみ）。同名別人への流用禁止。	
熊倉	Person	عبد الملك بن إبراهيم الدميري	ʿAbd al-Malik b. Ibrāhīm al-Damīrī	TMP-P-001119	出現: D04490（父）。見出しナサブ「عبد الله بن عبد الملك بن إبراهيم الجمال الدميري ثم القاهري المالكي الشروطي」から1段ずらして復元（統一規則3）。corpus 本伝なし・ID-Master 未登録。⚠汎用名（名＋父名のみで識別要素がニスバのみ）。同名別人への流用禁止。	
熊倉	Person	عثمان بن علي الأبشاقي	ʿUthmān b. ʿAlī al-Abshāqī	TMP-P-001120	出現: D04496（父）。見出しナサブ「عبد الله بن عثمان بن علي الأبشاقي … ويعرف بالصعيدي」から1段ずらして復元（統一規則3）。corpus 本伝なし・ID-Master 未登録。⚠汎用名（名＋父名のみで識別要素がニスバのみ）。同名別人への流用禁止。	
熊倉	Person	علي بن أحمد المنوفي	ʿAlī b. Aḥmad al-Munūfī	TMP-P-001121	出現: D04502（父）。見出しナサブ「عبد الله بن علي بن أحمد الجمال المنوفي الخطيب」から1段ずらして復元（統一規則3）。corpus 本伝なし・ID-Master 未登録。⚠汎用名（名＋父名のみで識別要素がニスバのみ）。同名別人への流用禁止。	
熊倉	Person	علي بن محمد بن عبد الحميد الفندقي	ʿAlī b. Muḥammad b. ʿAbd al-Ḥamīd al-Funduqī	TMP-P-001122	出現: D04507（父）。見出しナサブ「عبد الله بن علي بن محمد بن عبد الحميد الفندقي القباقبي الصالحي」から1段ずらして復元（統一規則3）。corpus 本伝なし・ID-Master 未登録。⚠汎用名（名＋父名のみで識別要素がニスバのみ）。同名別人への流用禁止。	
熊倉	Person	أحمد بن محمد بن عمر بن محمد بن عمر بن محمد بن أبي طالب جلال الدين أبو الفتوح الكازروني البلياني الشيرازي	Aḥmad b. Muḥammad b. ʿUmar b. Muḥammad b. ʿUmar b. Muḥammad b. Abī Ṭālib Jalāl al-Dīn Abū al-Futūḥ al-Kāzarūnī al-Balyānī al-Shīrāzī	TMP-P-001123	出現: D07318（祖父「والمذكور جده في الثامنة」）。父 الجنيد=#AIND-D02448 の本伝「الجنيد بن أحمد بن محمد بن عمر … بن جلال الدين أبي الفتوح الكازروني … المذكور أبوه في المائة قبلها」からナサブ・ラカブ・クンヤを復元。8世紀の人物（『الدرر الكامنة』所載）で al-Ḍawʾ に本伝なし。ID-Master 未登録（الكازروني 系の既登録 TMP-P-000141/000438/000439/000697/000861/000873 はいずれも別人）。初版 #NEEDID を解消。	
熊倉	Person	حسن بن إلياس الرومي	Ḥasan b. Ilyās al-Rūmī	TMP-P-001124	出現: D07337（父）。見出しナサブ「محمد بن حسن بن إلياس الجمال الرومي الحنفي」から1段ずらして復元（統一規則3）。corpus に本伝なし・ID-Master 未登録。初版は父 relation なし。	
熊倉	Person	حسن بن أبي بكر بن محمد العامري الحرضي اليماني	Ḥasan b. Abī Bakr b. Muḥammad al-ʿĀmirī al-Ḥaraḍī al-Yamānī	TMP-P-001125	出現: D07338（父）。見出しナサブ「محمد بن حسن بن أبي بكر بن محمد جمال الدين العامري اليماني الحرضي الشافعي」から1段ずらして復元（統一規則3）。corpus に本伝なし・ID-Master 未登録。初版は父 relation なし。	
熊倉	Person	الشمس السمرقندي العطار (زوج أم محمد بن حسن الفارقي السلاوي)	al-Shams al-Samarqandī al-ʿAṭṭār	TMP-P-001126	出現: D07339（継父「ربيب الشمس السمرقندي العطار ولوجاهته عند تمر」）。ダマスクスの薬種商、803年のティムール占領下で有力。corpus に本伝なし（السمرقندي の既存立項 D00970/D01996/D02605/D02674/D04823/D06417/D06422/D06438/D07052/D09499 はいずれも別人）・ID-Master 未登録。初版は #NEEDID、かつ「العطار」を本項主の職 state（TMP-O-00012）に流用していた誤りを是正。	
熊倉	Person	حسن بن أبي بكر بن منصور الفارقي	Ḥasan b. Abī Bakr b. Manṣūr al-Fāriqī	TMP-P-001127	出現: D07339（父）。見出しナサブ「محمد بن حسن بن أبي بكر بن منصور الشمس الفارقي السلاوي」から1段ずらして復元（統一規則3）。corpus に本伝なし・ID-Master 未登録。初版は父 relation なし。	
熊倉	Person	حسن بن حاتم النشيلي	Ḥasan b. Ḥātim al-Nashīlī	TMP-P-001128	出現: D07340（父）。見出しナサブ「محمد بن حسن بن حاتم الشمس النشيلي ثم القاهري الشافعي」から1段ずらして復元（統一規則3）。corpus に本伝なし・ID-Master 未登録。初版は父 relation なし。	
熊倉	Person	حسن بن حسن بن حسين بن عقبة المدني	Ḥasan b. Ḥasan b. Ḥusayn b. ʿUqba al-Madanī	TMP-P-001129	出現: D07341（父）。見出しナサブ「محمد بن حسن بن حسن بن حسين بن عقبة المدني المالكي」から1段ずらして復元（統一規則3）。異伝「محمد بن حسن بن حسين بن علي بن عقبة」（同項末尾）では父は حسن بن حسين بن علي となる。corpus に本伝なし・ID-Master 未登録。初版は父 relation なし。	
熊倉	Person	أحمد بن إبراهيم العسيلي	Aḥmad b. Ibrāhīm al-ʿUsaylī	TMP-P-001130	出現: D07347（母方の叔父かつ師「روى عن خاله المحدث أحمد بن إبراهيم العسيلي عن العفيف اليافعي إجازة」）。8世紀のイエメンのハディース学者。corpus に本伝なし。ニスバ العسيلي(TMP-N-01715)は別。原文末尾「ويحرر ... نسبة شيخه」によりニスバ表記は要校訂	
熊倉	Person	الشهاب أحمد بن الحبال (الطرابلسي)	al-Shihāb Aḥmad b. al-Ḥabbāl	TMP-P-001131	出現: D07353（師「سمع بطرابلس على الشهاب أحمد بن الحبال」、cert medium＝自称）。8世紀後半のトリポリのハディース伝承者。既登録 يوسف بن الحبال(TMP-P-000675)・#AIND-D01482(الشهاب أحمد ... ابن الحبال الحلبي الأصل الصالحي السكندري、没825)とは別人と判断	
熊倉	Person	حسن بن علي بن عبد الرحمن (أستادار قرقماس الشعباني)	Ḥasan b. ʿAlī b. ʿAbd al-Raḥmān	TMP-P-001133	出現: D07359（父「ويعرف بابن الأستاذ لكون أبيه كان أستادار قرقماس الشعباني」）。قرقماس الشعباني=#AIND-D06340 の家政長官。corpus の حسن 部に本伝なし。⚠初版は TMP-P-000204(D0106の息子 حسن)を流用	
熊倉	Person	أبو الخير بن محمد بن عمر الدمنهوري الأصل المكي	Abū al-Khayr b. Muḥammad b. ʿUmar al-Damanhūrī	TMP-P-001134	出現: D07371（父「الآتي أبوه」）。corpus の الكنى(أبو الخير)部に本伝が見当たらず、ニスバ索引 #AIND-D11651「الدمنهوري ... وأبو الخير بن محمد بن عمر وابنه」に名が挙がるのみ＝欠番WL	
熊倉	Person	عبد الله بن داود بن عثمان بن علي القرشي الهاشمي	ʿAbd Allāh b. Dāwūd b. ʿUthmān al-Hāshimī	TMP-P-001135	出現: D07374（兄弟「كان له أخ اسمه عبد الله سمع في سنة أربع عشرة على الزين المراغي」）。父=#AIND-D02949(داود بن عثمان النظام الهاشمي العدني)。corpus の عبد الله 部に本伝なし。⚠初版は TMP-P-000490(al-Zuhrīの祖父)を流用	
熊倉	Person	أبو العباس المقدسي (تلميذ الشمس محمد بن داود المكيسي)	Abū al-ʿAbbās al-Maqdisī	TMP-P-001136	出現: D07377（弟子「أخذ عنه غير واحد منهم أبو العباس المقدسي」）。9世紀前半ダマスクス周辺。corpus 候補 #AIND-D01568(أحمد بن محمد بن موسى بن فياض الشهاب أبو العباس المقدسي الأصل الحلبي الحنبلي القاضي)は未確定（ISSUES §Dc-6）	
熊倉	Person	أحمد بن محمد بن داود البدراني (ابن داود)	Aḥmad b. Muḥammad b. Dāwūd al-Badrānī	TMP-P-001137	出現: D07381（子「والد أحمد وعلي ... وقرأ علي أكبرهما وأجزت لهما ويعرف كل منهم بابن داود」）。898年巡礼期にサハーウィーからイジャーザ。corpus に本伝なし	
熊倉	Person	علي بن محمد بن داود البدراني (ابن داود)	ʿAlī b. Muḥammad b. Dāwūd al-Badrānī	TMP-P-001138	出現: D07381（子）。898年巡礼期にサハーウィーからイジャーザ。corpus に本伝なし。⚠初版は TMP-P-000530(D04287の兄弟 علي)を流用	
熊倉	Person	قمرا الهندية	Qamrā al-Hindiyya	TMP-P-001139	出現: D07677（母、「وأمه قمرا الهندية فتاة أبيه」）。#AIND-D03979（عبد العزيز بن علي النويري）の女奴隷で本項主の母。固有名＋ニスバで描写されるため統一規則12により発行（先例 TMP-P-000988 عزيرة／TMP-P-001030）。ID-Master 未登録。	
熊倉	Person	عبد العزيز بن أحمد المدني	ʿAbd al-ʿAzīz b. Aḥmad al-Madanī	TMP-P-001140	出現: D07671（父）。見出しナサブ「محمد بن عبد العزيز بن أحمد ناصر الدين المدني الحنفي الخواص」から1段ずらして復元（統一規則3）。corpus に本伝なし。初版は TMP-P-000813（عبد العزيز بن سالم الكازروني＝D03056 の息子）を流用しており別人＝破棄。⚠汎用名（名＋父名のみで識別要素がニスバのみ）。同名別人への流用禁止。	
熊倉	Person	عبد العزيز بن إسماعيل الغزي الحنبلي	ʿAbd al-ʿAzīz b. Ismāʿīl al-Ghazzī al-Ḥanbalī	TMP-P-001141	出現: D07673（父）。見出しナサブ「محمد بن عبد العزيز بن إسمعيل الغزي الحنبلي」から1段ずらして復元（統一規則3）。corpus に本伝なし・ID-Master 未登録。初版 #NEEDID を解消。⚠汎用名（名＋父名のみで識別要素がニスバのみ）。同名別人への流用禁止。	
熊倉	Person	العماد عبد العزيز الأبهري (بن سيف الدين)	al-ʿImād ʿAbd al-ʿAzīz al-Abharī	TMP-P-001142	出現: D07685（父、「الشمس بن العماد الأبهري」）。ラカブ＋ニスバで識別可（統一規則12）。#AIND-D04017 本文「مولانا زاده محمد بن عبد العزيز بن سيف الدين الأبهري الأصل الهروي الشافعي … ممن أخذ عن شيخنا」が本項主を指すとみられ、それによれば祖父名は سيف الدين（ISSUES §Dd-6）。corpus に本伝なし。	
熊倉	Person	مجد الدين عبد القادر (أو إسماعيل) بن إبراهيم المكراني	Majd al-Dīn ʿAbd al-Qādir (or Ismāʿīl) b. Ibrāhīm al-Makrānī	TMP-P-001143	出現: D07696（父、「محمد بن عبد القادر أو اسمعيل والأول أشبه بن ابراهيم محي الدين بن مجد الدين المكراني」）。同一人物は #AIND-D00544a（أحمد بن إسماعيل بن إبراهيم … بن المجد المكراني。「اضطرب في اسم أبيه فقال مرة هكذا ومرة عبد القادر لكونه لا يعرفه إلا بلقبه」）・#AIND-D07099（「هو وأخوه وأبوهما يقرئ ولدا لصاحبها」＝كنباية）でも父として言及。独立立項なし・ID-Master 未登録。初版は #AIND-D04089（عبد القادر المناوي ابن عليبة）を流用＝別人。	
熊倉	Person	أمير حاج القارئ بالنعمان (بن محمد بن عبد الغني ابن أخي شفتر)	Amīr Ḥājj al-Qāriʾ bi-l-Nuʿmān	TMP-P-001144	出現: D07694（息子、「ووالد وفا وأمير حاج قاري النعماني ويوسف」）。初版は「أمير حاج」「قاري النعماني」の二人に分割していたが一人。#AIND-D08841「محمد بن محمد بن عبد الغني بن نقيب القصر المعروف بابن شفتر ووالد أمير حاج القارئ بالنعمان」では D07694 の子 محمد の息子（孫）とされ親子関係に食い違い（ISSUES §Dd-7）。独立立項なし・ID-Master 未登録。	
熊倉	Person	عبد العزيز بن محمد بن إبراهيم بن سعد الله بن جماعة العز	al-ʿIzz ʿAbd al-ʿAzīz b. Muḥammad b. Ibrāhīm b. Jamāʿa	TMP-P-001145	没767・マッカ。『المنسك الكبير』『التساعيات الأربعون』の著者。#AIND-D07198 の祖父。⚠ 孫の العز（=D07198）と混同しやすい。マッカ・754年以前の聴聞・مناسك／تساعيات 関連は本番号、カイロ・معقولات・810年代は D07198。登録名（Arabic）は corpus に本伝がないため #AIND-D07198 のナサブ「محمد بن أبي بكر بن عبد العزيز بن محمد بن إبراهيم بن سعد الله بن جماعة بن حازم بن صخر بن عبد الله العز」から復元した形であり、原文にこの綴りの一続きの語句が存在するわけではない（復元形）。発行根拠: 統一規則12（識別要素十分・corpus 本伝なし＝801H 以前没のため『الضوء اللامع』対象外）。ID-Master の TMP-P-000010（登録名「العز بن جماعة」）は祖父と孫を混ぜた汚染番号であり、祖父分を本番号に分離した（裁定 §C-2 是正）。ID-Master 未登録。	
熊倉	Text	مجالس المخلدي الثلاثة	Majālis al-Mukhalladī al-Thalātha	TMP-T-00178	出現: D04507（師から聴聞・Ibn Ḥajar が本項主から第1巻を読む）。أبو محمد الحسن بن أحمد المخلدي النيسابوري（389H没）の三つの伝承集会録（ダマスクスのハンバリー派で الشهاب المرداوي を経て伝承）。corpus では D01482／L54145／L100805 にも出現。ID-Master 未登録（Nisbah المخلدي=TMP-N-01660 のみ）。初版 #NEEDID ×2 を解消。	
熊倉	Text	جزء في الأذكار (لمحمد بن الجنيد الكازروني)	Juzʾ fī al-adhkār (li-Muḥammad b. al-Junayd al-Kāzarūnī)	TMP-T-00179	出現: D07318（「وصنف لأجله جزءا في الأذكار」＝イブン・ハジャルのために著した一部）。著者は本項主（محمد بن الجنيد الكازروني＝#AIND-D07318）。2026-09-21 Waka 裁定 §D-8 により確定（イブン・ハジャル説は不採用）。既登録 كتاب الأذكار（TMP-T-00002＝ナワウィー）とは別書。初版 bibl ref=#NEEDID を解消。	
熊倉	Text	إصلاح مشيخة الجنيد الكازروني لابن الجزري	Iṣlāḥ mashyakhat al-Junayd al-Kāzarūnī li-Ibn al-Jazarī	TMP-T-00180	出現: D07318（「وآخر في إصلاح مشيخة أبيه لابن الجزري」）。イブン・アル＝ジャザリー（wd:Q4120093）が編んだ الجنيد الكازروني（#AIND-D02448「خرج لهم عنهم الشمس الجزري مشيخة」）のマシュヤハに対する訂正の書。著者は本項主（محمد بن الجنيد الكازروني＝#AIND-D07318）。2026-09-21 Waka 裁定 §D-8 により確定（イブン・ハジャル説は不採用）。ID-Master 未登録。	
熊倉	Text	المصابيح | مصابيح السنة	al-Maṣābīḥ | Maṣābīḥ al-Sunna	TMP-T-00181	出現: D07321（「سمع مني … كثيرا من المصابيح」）。البغوي の『مصابيح السنة』。ID-Master 未登録（既登録 المشكاة=TMP-T-00119 はその増補『مشكاة المصابيح』で別書）。⚠ repo の既存1ファイルで「المصابيح」に TMP-T-00081（=المنهاج الفرعي لشعبان الآثاري）が流用されている（ISSUES §Db-11）。初版 bibl ref=#NEEDID を解消。	
熊倉	Text	أخبار إبراهيم بن أدهم	Akhbār Ibrāhīm b. Adham	TMP-T-00182	出現: D07350（イブン・ハジャルが本項主に読んだ書「فقرأت عليه أخبار إبراهيم بن أدهم」、本項主は幼時に الحجار から聴講）。ハディース小冊子（جزء）。ID-Master 未登録	
熊倉	Text	ثلاثيات البخاري	Thulāthiyyāt al-Bukhārī	TMP-T-00183	出現: D07321（「قرأ علي ثلاثيات البخاري وغيرها」）。『サヒーフ・ブハーリー』の三伝承者ハディース集（thulāthiyyāt）。汎称 الثلاثيات(TMP-T-00018) とは分離。ثلاثيات الدارمي(TMP-T-00124) と同方式。裁定 §D-12 により新規発行し D07321 の bibl/@ref を TMP-T-00018 から差し替え。ID-Master 未登録。	
熊倉	Institution	جامع صفوان (الإسكندرية)	Jāmiʿ Ṣafwān	TMP-I-00166	出現: D07448（「باشر في جامع صفوان بل يقرأ فيه البخاري」）。アレクサンドリアのモスク。D03317（شعبان بن جنيبات）「دفن بتربته المنفذة لجامع صفوان」にも出現。初版はプレースホルダ #TMP-I-00000。ID-Master 未登録	
熊倉	Institution	الزمامية | المدرسة الزمامية | الخانقاه الزمامية (مكة)	al-Zamāmiyya	TMP-I-00167	出現: D07459（「بواب الزمامية بمكة」）。マッカの学院／ハーンカー（D02583「الخانقاه الزمامية بمكة」・D00548「المدرسة الزمامية」・D00486「مشيخة الزمامية」）。既存の Office زمام(O-00074)/زمام دار(O-00075)・Institution وقف الزمام(I-00062)・Person فيروز الزمام(P-000554) とは別実体。ID-Master 未登録	
熊倉	Institution	تربة الصوفية الصغرى (القاهرة)	Turbat al-Ṣūfiyya al-Ṣughrā	TMP-I-00168	出現: D07463（埋葬地「دفن خلف تربة الصوفية الصغرى」）。カイロの廟。既存 تربة سعيد السعداء(I-00037) と同型で Institution 登録。ID-Master 未登録。初版は #NEEDID	
熊倉	Institution	مدرسة ابن شعبة بفارسكور	Madrasat Ibn Shuʿba bi-Fāraskūr	TMP-I-00169	出現: D07477（「ابتنى فيها مدرسة بقرب بيته وقرر الشهاب البيجوري مدرسها」）。البدر محمد بن شعبة الفارسكوري（#AIND-D07477）がファーラスクール（TMP-L-00243）の自宅近くに建てたマドラサ。corpus D01178「يتردد أياما من الأسبوع لفارسكور للتدريس بمدرسة ابتناها البدر بن شعبة」にも出現。ID-Master 未登録。	
熊倉	Institution	ديوان السبع (بدمشق)	Dīwān al-Sabʿ	TMP-I-00170	出現: D07530（「باشر نظر ديوان السبع ثم تركه」、イブン・ハジャル『إنباء الغمر』からの引用）。ダマスカスのウマイヤ・モスクのクルアーン七分誦ワクフ「السبع الكبير」の管財局とみられるが原文に所在の明記なし。cf. TMP-O-00256（شيخ السبع）。ID-Master 未登録。	
熊倉	Institution	جامع البدري | الجامع البدري	Jāmiʿ al-Badrī	TMP-I-00171	出現: D07564（「وخطب بجامع البدري بدمياط」）。ドゥムヤート（ダミエッタ、gn:358048）のモスク。corpus では D03817「لمداومة قراءته له بالجامع البدري」・D10071「ويؤم بالجامع البدري」（いずれもドゥムヤート）にも出現。ID-Master 未登録（Nisbah البدري=TMP-N-00174・Person البدري=AIND-D10718 とは別）。初版 #NEEDID を解消。	
熊倉	Institution	تربة الأمشاطي (بالقرب من الروضة خارج باب النصر)	Turbat al-Amshāṭī	TMP-I-00172	出現: D07623（埋葬地「دفن بتربتهم بالقرب من الروضة خارج باب النصر」＝アムシャーティー家の墓所）。corpus D05762「ودفن بتربة الأمشاطي」に同じ。カイロ北部墓地（باب النصر 外）。⚠既登録 حوش الظاهر ظاهر باب النصر(TMP-L-00149)・مصلى باب النصر(TMP-L-00163) とは別実体。ID-Master 未登録。	
熊倉	Institution	مقام الشافعي	Maqām al-Shāfiʿī	TMP-I-00173	出現: D07642（埋葬地「دفن بالقرب من مقام الشافعي」）。カイロ・カラーファ(wd:Q2066414)のイマーム・シャーフィイー廟。既登録 職 إمام مقام الشافعي(TMP-O-00164、D02792) の対象施設。ID-Master 未登録。	
熊倉	Institution	ديوان المماليك	Dīwān al-Mamālīk	TMP-I-00175	出現: D07647（「وباسمه مباشرة في ديوان المماليك」）。マムルーク登録庁。既登録 職 كاتب المماليك(TMP-O-00028) の所属機関。D04264「ممن باشر في ديوان المماليك」にも出現。ID-Master 未登録。	
熊倉	Institution	مقام الحنفية (بالمسجد الحرام)	Maqām al-Ḥanafiyya	TMP-I-00176	出現: D07657（「نائب إمام مقام الحنفية بها」＝مكة）。マッカ聖モスク(wd:Q428858)内のハナフィー派マカーム。corpus では D00743「نائب مقام الحنفية」・「نصف تكبير مقام الحنفية」等にも出現。ID-Master 未登録。	
熊倉	Institution	المدرسة الصلاحية (بيت المقدس)	al-Madrasa al-Ṣalāḥiyya (Bayt al-Maqdis)	TMP-I-00177	出現: D00438（「استقر في ربع الخطابة بالأقصى ونصف مشيخة التصوف بالصلاحية … وهو ممن سمع معنا هناك」）。所在地: بيت المقدس（エルサレム、gn:281184）。المسجد الأقصى と並んで挙がるエルサレムのサラーフッディーン系の施設。repo では wd:Q7404512（＝カイロの المدرسة الصالحية、サーリフ・ナジュムッディーン建立）が誤って充てられていたため、2026-09-24 Waka 裁定（★6-2）により別実体として新規発行。「مشيخة التصوف」はエルサレムの الخانقاه الصلاحية を指す可能性も残る（要確認）。⚠wd:Q7404512（الصالحية、カイロ）・TMP-I-00018（سعيد السعداء＝カイロの「الصلاحية سعيد السعداء」）・repo D03008 の الخانقاه الصلاحية（wd:Q91487263）とは別実体。同じく Q7404512 を「الصلاحية」に充てている D01334・D00008（いずれもカイロ）は本番号を使わず保留（docs/records_B88/Waka裁定反映_20260924.md）。ID-Master 未登録。	
熊倉	Location	الحسانية | الحسامية	al-Ḥassāniyya | al-Ḥusāmiyya	TMP-L-00277	出現: D04510（父のザーウィヤの所在「انتصب بعده في زاويته بالحسامية」）。父 #AIND-D05659 の本伝は「الحادث ساحل مور وهو واد عظيم به عدة قرى منها الحسانية قرية أبي حسان بن محمد الأشعري」と記し、同ザーウィヤはこの村にある。刊本 D04510 の「الحسامية」は「الحسانية」の異綴と判断（ISSUES §Da-2）。イエメン・ワーディー・マウルの村。GeoNames 照合不可。	
熊倉	Location	سفح قاسيون	Safḥ Qāsiyūn	TMP-L-00278	出現: D07494（埋葬「بتربة الزيني عبد الباسط بسفح قاسيون」）。ダマスクス北のカースィユーン山麓（サーリヒーヤ側の墓域）。ID-Master に قاسيون 未登録（repo の「سفح قاسيون」2件は TMP-L-00009／00140 の誤充当）。Wikidata 候補 Q1052047（Mount Qasioun、未照合）。	
熊倉	Location	قنطرة أمير حسين	Qanṭarat Amīr Ḥusayn	TMP-L-00279	出現: D07508（「ابتنى بالقرب من قنطرة أمير حسين دارا」）。カイロのハリージュに架かる橋とその周辺地区。corpus D07820「بقنطرة أمير حسين」・D07840「نزيل قنطرة أمير حسين」・L68257 にも出現。ID-Master 未登録（既登録は قنطرة الموسكي=L-00213、باب القنطرة=L-00244 のみ）。	
熊倉	Location	سوق الغزل | سوق الغزل الشرب	Sūq al-Ghazl	TMP-L-00280	出現: D07538（「الدلال بسوق الغزل الشرب」＝勤務先）。糸・上質亜麻布（شرب）の市場。原文に都市名の明記なし（本項主は القاهري）。ID-Master 未登録。	
熊倉	Location	الفخة	al-Fakhkha	TMP-L-00281	出現: D07592（没地「مات شابا في شوال سنة اثنتين وثلاثين بالفخة ودفن عند أبيه」）。イエメン（ナーシリー家の活動圏＝زبيد／الكدراء／القمحة 周辺）の地名と推定。corpus 内の出現は本項のみで綴り要確認（⚠刊本の誤植の可能性、ISSUES §De-7）。ID-Master 未登録。初版 #NEEDID を解消。	
熊倉	Location	زواوة	Zawāwa	TMP-L-00282	出現: D07616（「الزواوي قاضيها المالكي」＝ザワーワのカーディー。息子 #AIND-D00274「وأبوه ممن ولي القضاء بزواوة」で明示）。マグリブ中部（ビジャーヤ後背のカビール地方）のベルベル部族地域。ニスバ الزواوي（TMP-N-00264）の由来地。ID-Master 未登録。初版の placeName 位置 TMP-N-00264（カテゴリ不一致）を解消。	
熊倉	Location	الكتبيين | سوق الكتبيين	al-Kutubiyyīn	TMP-L-00283	出現: D07644（居住・所在「قال إنه في الكتبيين」）。カイロの書籍商街。corpus に「باب الكتبيين」「تكسب بالكتبيين」「حانوت بالكتبيين」等8回出現。ニスバ الكتبي(TMP-N-00072) とは別カテゴリ。ID-Master 未登録。	
熊倉	Location	الرمل (ظاهر اسكندرية)	al-Raml (ẓāhir Iskandariyya)	TMP-L-00284	出現: D07739（没地「مات … بالرمل ظاهر اسكندرية」）。アレクサンドリア郊外の砂地の地区。GeoNames 照合不可。既登録 TMP-L-00059「الرملة」（パレスチナ）とは別実体。	
熊倉	Location	الجزيرة خارج باب البحر (اسكندرية)	al-Jazīra khārij Bāb al-Baḥr (Iskandariyya)	TMP-L-00285	出現: D07739（埋葬地「فحمل إلى الجزيرة خارج باب البحر فدفن عند الشيخ علي الموازيني」）。アレクサンドリア海門（باب البحر）外の墓域。既登録 TMP-L-00075「الجزيرة」（注記なし・所在不明）とは区別して発行。	
熊倉	Location	الوراقين (سوق الوراقين بالقاهرة)	al-Warrāqīn (Sūq al-Warrāqīn, Cairo)	TMP-L-00286	出現: D07750（「بحانوت بالوراقين」）。カイロの書籍商街。既登録 TMP-L-00263「الوراق」（カイロ北郊の村）とは別実体。	
熊倉	Nisbah	الهتار	al-Hattār	TMP-N-05515	出現: D07506（محمد بن طلحة بن عيسى الهتار）。イエメン・ザビード近郊のスーフィー一族名（corpus D03382「الأشيب الهتار اليمني التريبي من نواحي زبيد」、D13086）。ID-Master に الهتار／الهتاري とも未登録。	
熊倉	Office	القيام بزاوية الشيبي بالحسانية | شيخ زاوية علي بن موسى الشيبي	al-qiyām bi-zāwiyat al-Shaybī bi-l-Ḥassāniyya	TMP-O-00278	出現: D04510（「انتصب بعده في زاويته بالحسامية」＝父 #AIND-D05659 علي بن موسى الشيبي のザーウィヤ運営を継承）。先例 TMP-O-00274（القيام بزاوية داود الحكمي、D07378）・TMP-O-00265（شيخ زاوية عمر）と同型の施設限定シャイフ職。	
熊倉	Office	خادم البيمارستان	khādim al-bīmāristān	TMP-O-00279	出現: D04516（「التعزي المدني الشافعي خادم البيمارستان」）。施療院の奉仕人職。既存の خادم 系（O-00153/00184/00200/00213/00225）・施療院系（O-00025 مستوفي／O-00148 نظر／O-00226 شيخ）とは別職。施設の所在は原文に明示なし（orgName は #NEEDID）。	
熊倉	Office	مقطع | أحد المقطعين	muqṭaʿ	TMP-O-00280	出現: D07465（「أحد المقطعين」）。イクター保有者の身分（state type=status で使用）。D13333 にも「المقطعين」。ID-Master 未登録（ニスバ مقطعي N-02676 のみ）。初版は #NEEDID	
熊倉	Office	مباشر في جهات الجوالي | مباشرة الجوالي	mubāshir fī jihāt al-jawālī	TMP-O-00281	出現: D07473（「باشر في بعض جهات الجوالي」）。ジャワーリー（人頭税）関連部署の実務官。既存 نظر الجوالي(O-00086、監督職) とは別。ID-Master 未登録。初版は #NEEDID	
熊倉	Office	شيخ الناحية (فارسكور)	shaykh al-nāḥiya (Fāraskūr)	TMP-O-00282	出現: D07477（「شيخ تلك الناحية ومدركها」）。ファーラスクール地方の在地長。既登録 TMP-O-00273「شيخ الناحية (المنزلة ومنية بدران)」・O-00139 شيخ نابلس・O-00257 شيخ بلقس と同型の地域別職。	
熊倉	Office	توقيع المفرد | موقع المفرد	tawqīʿ al-mufrad | muwaqqiʿ al-mufrad	TMP-O-00283	出現: D07615（「وكان قد باشر توقيع المفرد كأبيه وقتا」）。スルターン私領庁（الديوان المفرد）の署名書記職。ID-Master には نظر ديوان المفرد（TMP-O-00208）・صيرفي المفرد（TMP-O-00166）のみで書記職は未登録。初版 #NEEDID を解消。	
熊倉	Office	شاهد الإدارة بالبيمارستان	shāhid al-idāra bi-l-bīmāristān	TMP-O-00284	出現: D07647（「أحد شهود الإدارة بالبيمارستان」）。カイロ・マンスーリー病院(TMP-I-00034)の会計監査証人。汎用 الشاهد(TMP-O-00050)・نظر البيمارستان(TMP-O-00148) とは別職。ID-Master 未登録。	
熊倉	Office	نائب إمام مقام الحنفية	nāʾib imām maqām al-Ḥanafiyya	TMP-O-00285	出現: D07657（「نائب إمام مقام الحنفية بها」＝مكة）。マッカ聖モスクのハナフィー派マカームのイマーム代理。既登録 الإمامة(wd:Q125482) の代理職。repo D00743 は同職「نائب مقام الحنفية」に TMP-O-00017(مدير ديوان)を流用しており要是正（ISSUES §Df-6）。ID-Master 未登録。	
熊倉	Office	مادح الحرم | المادح بالحرم النبوي	mādiḥ al-Ḥaram	TMP-O-00286	出現: D07744（「المادح بحرمها … وصار مادح الحرم」）。マディーナの預言者モスク（TMP-I-00120）における頌詩（マディーフ）詠唱者。	
熊倉	Office	التكسب في الزجاج | زجاج	al-takassub fī al-zujāj	TMP-O-00287	出現: D07750（「واشتغل بالتكسب في الزجاج بحانوت بالوراقين」）。ガラス（器）商い。手工業・商いの O 登録先例（O-00156 عقد الأزرار、O-00233 صناعة الحرير）に倣う。	
熊倉	Person	علي بن محمد بن عبد الرحمن المغربي العطار	ʿAlī b. Muḥammad b. ʿAbd al-Raḥmān al-Maghribī al-ʿAṭṭār	TMP-P-001147	出現: D04508（父）。見出しナサブ「عبد الله بن علي بن محمد بن عبد الرحمن المغربي العطار」から1段ずらして復元（統一規則3）。corpus 本伝なし・ID-Master 未登録。⚠汎用名（名＋父名のみで識別要素がニスバのみ）。同名別人への流用禁止。	
熊倉	Person	غزال الحبشية (فتاة السراج عمر بن عبد العزيز النويري)	Ghazāl al-Ḥabashiyya	TMP-P-001148	出現: D04520（母「وأمه غزال الحبشية فتاة أبيه」）。父 #AIND-D05872（السراج عمر بن عبد العزيز العقيلي النويري المكي）の女奴隷。corpus 女性部に本伝なし・ID-Master 未登録。先例 TMP-P-000568（نور الصباح الحبشية）。	
熊倉	Person	عمر بن عبد الله بن عمر بن مسعود العمري المكي	ʿUmar b. ʿAbd Allāh b. ʿUmar b. Masʿūd al-ʿUmarī al-Makkī	TMP-P-001149	出現: D04522（父）。見出しナサブ「عبد الله بن عمر بن عبد الله بن عمر بن مسعود العمري المكي」から1段ずらして復元（統一規則3）。マッカの قواد「العمرة」一族（D02442／D03184／D04271／D05102／D07800／D08085／D09936 と同祖 عمر بن مسعود）。corpus 本伝なし・ID-Master 未登録。	
熊倉	Person	عمر بن عثمان الشمري الملحاني	ʿUmar b. ʿUthmān al-Shammarī al-Milḥānī	TMP-P-001150	出現: D04524（父）。見出しナサブ「عبد الله بن عمر بن عثمان أبو محمد الشمري الملحاني」から1段ずらして復元（統一規則3）。子は本項主 #AIND-D04524 と #AIND-D03712（عبد الرحمن بن عمر بن عثمان الشمري الملحاني）。corpus 本伝なし・ID-Master 未登録。⚠汎用名（名＋父名のみで識別要素がニスバのみ）。同名別人への流用禁止。 【裁定反映 2026-09-24】#AIND-D03712 にも father relation として付与済み（要判断_B88 §R-2）。	
熊倉	Person	عمر بن محمد الدملوي اليمني	ʿUmar b. Muḥammad al-Damlawī al-Yamanī	TMP-P-001151	出現: D04531（父）。見出しナサブ「عبد الله بن عمر بن محمد الدملوي اليمني」から1段ずらして復元（統一規則3）。corpus 本伝なし・ID-Master 未登録。⚠汎用名（名＋父名のみで識別要素がニスバのみ）。同名別人への流用禁止。	
熊倉	Person	عبد الله العراقي (شيخ الطريق باليمن)	ʿAbd Allāh al-ʿIrāqī	TMP-P-001152	出現: D04532（師「صحب عبد الله العراقي وانتفع به في الطريق ونصبه شيخا」）。9世紀イエメンのスーフィー師。corpus 他所に出現なし・本伝なし・ID-Master 未登録（TMP-N-00105 العراقي はニスバ番号、wd:Q4664581 الزين العراقي とは別人）。⚠汎用名（名＋ニスバのみ）。同名別人への流用禁止。 【裁定反映 2026-09-24・要判断_B88 §M-3】「corpus 他所に出現なし」は誤り。本伝候補2件: #AIND-D04477（عبد الله بن عبد اللطيف … اليامشي العراقي الأصل العدني、862年アデン没、スーフィー）／#AIND-D04479（عبد الله بن عبد اللطيف أبو محمد الحضرمي نزيل مكة الشهير بالعراقي、847年マッカ没）。corpus 内で絞れないため仮番号を維持。	
熊倉	Person	الشهاب القباقبي (المقرئ)	al-Shihāb al-Qabāqibī	TMP-P-001153	出現: D04534（師「وكذا أخذ عن الشهاب القباقبي」、読誦学）。corpus 他所に出現なし・ID-Master 未登録（TMP-N-00454 القباقبي はニスバ番号）。⚠ القباقبي 家の読誦学者 الشمس محمد بن خليل القباقبي（corpus に「الشمس القباقبي」として頻出）とは別人（ラカブ相違）。⚠汎用名。同名別人への流用禁止。	
熊倉	Person	عيسى بن عبد الله الكردي	ʿĪsā b. ʿAbd Allāh al-Kurdī	TMP-P-001154	出現: D04534（父）。見出しナサブ「عبد الله بن عيسى بن عبد الله الجمال الكردي」から1段ずらして復元（統一規則3）。corpus 本伝なし・ID-Master 未登録。⚠汎用名（名＋父名のみで識別要素がニスバのみ）。同名別人への流用禁止。	
熊倉	Person	سليمان بن أحمد بن إبراهيم بن عبد الملك العلم الفقيه السنباطي الدمياطي	Sulaymān b. Aḥmad b. Ibrāhīm b. ʿAbd al-Malik al-ʿAlam al-Faqīh al-Sunbāṭī	TMP-P-001155	出現: D07445（父）。見出しナサブ「محمد بن سليمان بن أحمد بن إبراهيم بن عبد الملك الشمس بن العلم」から1段ずらして復元（統一規則3）。「ويعرف بابن الفقيه سليمان وأبوه بالسنباطي」＝الفقيه سليمان・السنباطي として知られた。corpus に本伝なし・ID-Master 未登録。初版は #NEEDID	
熊倉	Person	التاج عتيق قاضي دمياط	al-Tāj ʿAtīq, qāḍī Dimyāṭ	TMP-P-001156	出現: D07445（師「وبحث على قاضي بلده التاج عتيق」）。ダミエッタのカーディー（8世紀末〜9世紀初）。D07204 にも「القاضيين التاج عتيق والعز بن سليم」として出現。corpus に本伝なし・ID-Master 未登録。初版は #NEEDID	
熊倉	Person	سليمان بن حماد السكندري	Sulaymān b. Ḥammād al-Sakandarī	TMP-P-001157	出現: D07448（父）。見出しナサブ「محمد بن سليمان بن حماد الشمس السكندري」から1段ずらして復元（統一規則3）。corpus に本伝なし・ID-Master 未登録。⚠汎用名（名＋父名のみで識別要素がニスバのみ）。同名別人への流用禁止	
熊倉	Person	سليمان بن داود الطائفي	Sulaymān b. Dāwūd al-Ṭāʾifī	TMP-P-001158	出現: D07452（父）。見出しナサブ「محمد بن سليمان بن داود الطائفي الغمري ثم القاهري」から1段ずらして復元（統一規則3）。corpus に本伝なし・ID-Master 未登録。⚠汎用名（名＋父名のみで識別要素がニスバのみ）。同名別人への流用禁止（D07453 の父 TMP-P-NEW88b-06 とは別人）	
熊倉	Person	سليمان بن داود اللاري	Sulaymān b. Dāwūd al-Lārī	TMP-P-001159	出現: D07453（父）。見出しナサブ「محمد بن سليمان بن داود اللاري المؤذن」から1段ずらして復元（統一規則3）。corpus に本伝なし・ID-Master 未登録。⚠汎用名（名＋父名のみで識別要素がニスバのみ）。同名別人への流用禁止（D07452 の父 TMP-P-NEW88b-05 とは別人）	
熊倉	Person	سليمان بن وهبان المدني	Sulaymān b. Wahbān al-Madanī	TMP-P-001160	出現: D07457（父）。見出しナサブ「محمد بن سليمان بن وهبان المدني」から1段ずらして復元（統一規則3）。#AIND-D03159（سليمان بن علي بن سليمان بن وهبان المدني）の祖父。corpus に本伝なし・ID-Master 未登録 ⚠汎用名（名＋父名のみで識別要素がニスバのみ）。同名別人への流用禁止。	
熊倉	Person	سنقر مولى ابن شرف الدين (والد محمد بن سنقر الشرفي)	Sunqur, mawlā Ibn Sharaf al-Dīn	TMP-P-001161	出現: D07463（父「لكون والده مولاه」）。カイロ・الحسينية の「الجامع الشهير」の主 ابن شرف الدين の مولى（解放奴隷／被護者）。本項主のニスバ الشرفي の由来。corpus に本伝なし・ID-Master 未登録。初版は #NEEDID。ISSUES §Db-4	
熊倉	Person	سيف بن محمد بن عمر بن بشارة	Sayf b. Muḥammad b. ʿUmar b. Bishāra	TMP-P-001162	出現: D07467（父）。見出しナサブから1段ずらして復元（統一規則3）。サファド方面の عشير の長 بنو بشارة 一族（D02119・D12189）。corpus に本伝なし・ID-Master 未登録。初版は father relation なし	
熊倉	Person	شعبان بن علي بن شعبان الغزي	Shaʿbān b. ʿAlī b. Shaʿbān al-Ghazzī	TMP-P-001163	出現: D07472（父）。見出しナサブ「محمد بن شعبان بن علي بن شعبان الشمس الغزي الشافعي」から1段ずらして復元（統一規則3）。兄弟 #AIND-D00770（أحمد）・#AIND-D04123（عبد القادر）と共通の父。corpus に本伝なし・ID-Master 未登録	
熊倉	Person	المعلى (كاتب مجالس السماع في أمالي الولي العراقي)	al-Muʿallā	TMP-P-001164	出現: D07473（「كما رأيته مثبتا بخط المعلى في مجالس」＝الولي العراقي（#AIND-D00844）の口述会の聴聞記録の筆記者）。初版はニスバ番号 TMP-N-00808「المعلي」を person 位置に流用。corpus に他出なし・ID-Master 未登録。読み（المعلَّى／المعلِّي）は要確認。ISSUES §Db-9	
熊倉	Person	الزين صدقة بن خليل بن الحسن الحلبي	al-Zayn Ṣadaqa b. Khalīl b. al-Ḥasan al-Ḥalabī	TMP-P-001165	出現: D07489（父「وأبوه ممن قرأ القراءات」）。見出しナサブ「محمد بن صدقة بن خليل بن الحسن الشمس بن الزين بن البدر الحلبي ويعرف بابن الفرفور」から1段ずらして復元（規則3）。アレッポの ابن الفرفور 家（8世紀。ダマスクスの قاضي ابن الفرفور=TMP-P-000625 とは別家系）。corpus 本伝なし・ID-Master 未登録。	
熊倉	Person	البدر خليل بن الحسن الحلبي كاتب الديوان بحلب	al-Badr Khalīl b. al-Ḥasan al-Ḥalabī, kātib al-dīwān bi-Ḥalab	TMP-P-001166	出現: D07489（祖父「وأما جده فكان كاتب الديوان بحلب」）。ナサブから2段ずらして復元、職（アレッポのディーワーン書記）で識別。corpus 本伝なし・ID-Master 未登録。	
熊倉	Person	صدقة بن صالح المطري القاهري	Ṣadaqa b. Ṣāliḥ al-Maṭarī al-Qāhirī	TMP-P-001167	出現: D07490（父）。見出し「محمد بن صدقة بن صالح المطري القاهري」から復元（規則3）。初版の汎用登録番号 TMP-P-000652（篠田「صدقة」＝同名複数で未確定）を差し替え。⚠汎用名。同名別人への流用禁止。corpus 本伝なし・ID-Master 未登録。	
熊倉	Person	طقزق بن ناصر الدين الصالحي	Ṭuqzuq b. Nāṣir al-Dīn al-Ṣāliḥī	TMP-P-001168	出現: D07505（父）。見出し「محمد بن طقزق بن ناصر الدين الصالحي الحنفي」から復元。祖父は laqab ناصر الدين のみ判明。希少名＋ニスバで識別。corpus に طقزق は本項のみ・ID-Master 未登録。	
熊倉	Person	طلحة بن عيسى الهتار	Ṭalḥa b. ʿĪsā al-Hattār	TMP-P-001169	出現: D07506（父）。見出し「محمد بن طلحة بن عيسى الهتار」から復元（規則3）。イエメン（ザビード近郊 التريبة）のスーフィー一族 الهتار。corpus D13086「زينب ابنة طلحة … الهتار（没831）」は娘の可能性、D03382「صديق بن عبد اللطيف بن عيسى الأشيب الهتار」は甥の可能性（いずれも原文に関係明記なし）。corpus 本伝なし・ID-Master 未登録。 ⚠汎用名（名＋父名のみで識別要素がニスバのみ）。同名別人への流用禁止。	
熊倉	Person	الشيخ عامر بن محمد بن محمد الغمري المقدسي	al-Shaykh ʿĀmir b. Muḥammad b. Muḥammad al-Ghamrī al-Maqdisī	TMP-P-001170	出現: D07510（父「محمد بن الشيخ عامر بن محمد بن محمد الشمس الغمري المقدسي المادح الحائك」）。ナサブから1段ずらして復元（規則3）。corpus 本伝なし（عامر 部 D03462〜D03465 に該当なし）・ID-Master 未登録。	
熊倉	Person	عباس بن محمد بن عباس البعلي العلاف	ʿAbbās b. Muḥammad b. ʿAbbās al-Baʿlī al-ʿAllāf	TMP-P-001171	出現: D07514（父「العلاف أبوه」）。見出し「محمد بن عباس بن محمد بن عباس الشمس البعلي」から復元（規則3）。バアルベクの飼料商。corpus 本伝なし・ID-Master 未登録。	
熊倉	Person	عبد الدائم بن عمر بن عوض الزين المرصفي (القاضي زين الدين)	ʿAbd al-Dāʾim b. ʿUmar b. ʿAwaḍ al-Zayn al-Marṣafī	TMP-P-001172	出現: D07527（父、「محمد بن عبد الدائم بن عمر بن عوض المحب … بن الزين بن العلامة أبي حفص المرصفي」）。見出しナサブから1段ずらして復元（統一規則3）。#AIND-D00808「أحمد بن عبد الدائم بن عمر الشهاب بن القاضي زين الدين المرصفاوي」の父でもある（＝カーディー）。父＝العلامة أبو حفص عمر بن عوض المرصفي。corpus に本伝なし。初版の TMP-P-000238（ID-Master 裸名「عبد الدائم」のみ・repo 未使用）は流用せず。 【裁定反映 2026-09-24】#AIND-D00808 にも father relation（cert medium）として付与済み（要判断_B88 §R-4）。	
熊倉	Person	عبد الرحمن بن أحمد بن عبد الوهاب البرلسي (ابن وهيب)	ʿAbd al-Raḥmān b. Aḥmad b. ʿAbd al-Wahhāb al-Burullusī	TMP-P-001173	出現: D07535（父、「بعد موت أبيه بمكة سنة أربع وتسعين」）。見出しナサブから復元（統一規則3）。兄弟＝#AIND-D06722（محمد بن أحمد بن عبد الوهاب الشمس البرلسي التاجر ويعرف بابن وهيب）。894年にマッカで没。corpus に本伝なし・ID-Master 未登録。	
熊倉	Person	ابن أخي الشهاب بن الفرفور (كاتب سر دمشق من جمادى الآخرة 892)	Ibn akhī al-Shihāb b. al-Farfūr	TMP-P-001174	出現: D07539（後任、「ثم صرف في جمادى الآخرة من التي تليها بابن اخي الشهاب بن الفرفور」）。⚠人名不詳。الشهاب أحمد بن محمود … ابن الفرفور（#AIND-D01637）の甥で、892年ジュマーダー・アル＝アーヒラ月にダマスカスの كاتب السر に就任。corpus に本伝未検出・ID-Master 未登録。同名別人への流用禁止。	
熊倉	Person	خديجة ابنة القاضي سليمان بن علي بن الجنيد	Khadīja bt. al-Qāḍī Sulaymān b. ʿAlī b. al-Junayd	TMP-P-001175	出現: D07541（母、「وأمه خديجة ابنة القاضي سليمان بن علي بن الجنيد」）。女性(F)。父＝#AIND-D03156（سليمان بن علي بن أحمد القاضي نفيس الدين أبو الربيع القرشي اليمني ويعرف بالجنيد أو ابن الجنيد、アデンのカーディー）。夫＝#AIND-D03605（عبد الرحمن بن أبي بكر بن عبد الله بن ظهيرة）。女性部に本伝なし・ID-Master 未登録。	
熊倉	Person	عبد الرحمن بن أبي بكر بن عمر الدمشقي الكفرسوسي	ʿAbd al-Raḥmān b. Abī Bakr b. ʿUmar al-Dimashqī al-Kafrsūsī	TMP-P-001176	出現: D07543（父、「محمد بن عبد الرحمن بن أبي بكر بن عمر الفاضل الشمس الدمشقي الكفرسوسي الشافعي」）。見出しナサブから1段ずらして復元（統一規則3）。corpus に本伝なし・ID-Master 未登録。	
熊倉	Person	عبد الرحمن بن حسن بن محمد الرعيني الأندلسي الأصل الطرابلسي المالكي (الحطاب)	ʿAbd al-Raḥmān b. Ḥasan b. Muḥammad al-Ruʿaynī al-Ḥaṭṭāb	TMP-P-001177	出現: D07546（父、cert medium。見出し「محمد أبو عبد الله أخو الذي قبله」）。前項 #AIND-D07545「محمد بن عبد الرحمن بن حسن بن محمد أبو عبد الله الرعيني الأندلسي الأصل … المالكي نزيل مكة ويعرف … بالحطاب … ومات كل من أبويه في أسبوع واحد في ذي الحجة سنة إحدى وثمانين بالطاعون」（カイロで没）の父＝同一人物。D07545（本バッチ外）収録時に同番号で統一要。corpus に本伝なし・ID-Master 未登録。	
熊倉	Person	عبد الرحمن بن عبد الله بن أحمد بن علي الحسيني الحضرمي	ʿAbd al-Raḥmān b. ʿAbd Allāh b. Aḥmad b. ʿAlī al-Ḥusaynī al-Ḥaḍramī	TMP-P-001178	出現: D07556（父）。見出しナサブ「محمد بن عبد الرحمن بن عبد الله بن أحمد بن علي الشريف الحسيني الحضرمي اليماني ويعرف بالشيخ باعلوي」から1段ずらして復元（統一規則3）。ハドラマウトのバーアラウィー家サイイド。corpus 本伝なし・ID-Master 未登録。⚠汎用名（名＋父名のみで識別要素がニスバのみ）。同名別人への流用禁止。	
熊倉	Person	فاطمة ابنة القاضي أبي الفضل محمد بن أحمد بن عبد العزيز النويري المكية	Fāṭima bt. al-Qāḍī Abī al-Faḍl Muḥammad b. Aḥmad b. ʿAbd al-ʿAzīz al-Nuwayrī al-Makkiyya	TMP-P-001179	出現: D07559（母「وأمه فاطمة ابنة القاضي أبي الفضل النويري」）。父はマッカのカーディー・ハティーブ الكمال أبو الفضل محمد بن أحمد بن عبد العزيز النويري（没786、corpus 本伝なし・ID-Master 未登録。TMP-P-000933 はその孫の同名ハティーブ＝別人）。#AIND-D13493「فاطمة ابنة أبي الفضل محمد بن عبد الرحمن بن علي بن أحمد العقيلي النويري」（836年イジャーザ）は次世代の別人。corpus 本伝なし・ID-Master 未登録。初版 #NEEDID を解消。	
熊倉	Person	التاج عبد الرحمن بن علي بن يوسف بن منصور القاهري	al-Tāj ʿAbd al-Raḥmān b. ʿAlī b. Yūsuf b. Manṣūr al-Qāhirī	TMP-P-001180	出現: D07565（父）。見出しナサブ「محمد بن عبد الرحمن بن علي بن يوسف بن منصور الشمس القاهري」から1段ずらして復元（統一規則3）。ラカブ التاج は孫 #AIND-D08814 の見出し「الكمال أبو محمد بن الشمس بن التاج بن النور」による。#AIND-D03705（عبد الرحمن بن علي بن يوسف بن الحسن）は別ナサブ。corpus 本伝なし・ID-Master 未登録。⚠汎用名（名＋父名のみで識別要素がニスバのみ）。同名別人への流用禁止。	
熊倉	Person	أحمد بن عبد الرحمن بن محمد بن حسن الفاقوسي	Aḥmad b. ʿAbd al-Raḥmān b. Muḥammad b. Ḥasan al-Fāqūsī	TMP-P-001181	出現: D07583（兄弟「ممن سمع هو وأخوه أحمد ختم البخاري بالظاهرية」）。父=#AIND-D03746（没864）、祖父=#AIND-D07346（ناصر الدين محمد بن حسن、ابن الفاقوسي 家・カイロ）。ニスバ索引 #AIND-D11890「وابنا ثانيهما」の一方。corpus 本伝なし・ID-Master 未登録。初版 #NEEDID を解消。	
熊倉	Person	عبد الرحمن بن محمد بن عبد الرحمن بن محمد بن عبد الرحمن الحميري الفاسي القسنطيني	ʿAbd al-Raḥmān b. Muḥammad b. ʿAbd al-Raḥmān al-Ḥimyarī al-Fāsī al-Qusanṭīnī	TMP-P-001182	出現: D07590（父）。見出しナサブ「محمد بن عبد الرحمن بن محمد بن عبد الرحمن بن محمد بن عبد الرحمن أبو القسم الحميري الفاسي الأصل القسنطيني التونسي ثم المقدسي المالكي」から1段ずらして復元（統一規則3）。孫=#AIND-D01351（أحمد الخلوف）。corpus 本伝なし・ID-Master 未登録。⚠汎用名（名＋父名のみで識別要素がニスバのみ）。同名別人への流用禁止。	
熊倉	Person	عبد الرحمن بن مؤمن القوصي القاهري	ʿAbd al-Raḥmān b. Muʾmin al-Qūṣī al-Qāhirī	TMP-P-001183	出現: D07615（父「وكان قد باشر توقيع المفرد كأبيه」＝父も الديوان المفرد の署名書記）。見出しナサブ「محمد بن عبد الرحمن بن مؤمن ولي الدين القوصي الأصل القاهري الشافعي」から1段ずらして復元（統一規則3）。corpus 本伝なし・ID-Master 未登録。⚠汎用名（名＋父名のみで識別要素がニスバと職のみ）。同名別人への流用禁止。	
熊倉	Person	عبد الرحمن بن يحيى بن أحمد بن سليمان بن مهيب الصدقاوي الزواوي	ʿAbd al-Raḥmān b. Yaḥyā b. Aḥmad b. Sulaymān b. Muhayb al-Ṣadaqāwī al-Zawāwī	TMP-P-001184	出現: D07616（父）。見出しナサブ「محمد بن عبد الرحمن بن يحيى بن أحمد بن سليمان بن مهيب الصدقاوي الزواوي」から1段ずらして復元（統一規則3）。子=#AIND-D07616（قاضي زواوة）、孫=#AIND-D00274、曾孫=#AIND-D06547。corpus 本伝なし・ID-Master 未登録。⚠汎用名（名＋父名のみで識別要素がニスバのみ）。同名別人への流用禁止。	
熊倉	Person	عبد الرحمن بن يوسف أبو زيد الحسني المسكناسي السكندري	ʿAbd al-Raḥmān b. Yūsuf Abū Zayd al-Ḥasanī al-Maskanāsī al-Sakandarī	TMP-P-001185	出現: D07621（父。「بن أبي زيد … ذكر أن أباه صافحه」＝預言者に遡る مصافحة 連鎖を本項主に伝えたとされる父）。見出しナサブ「محمد بن عبد الرحمن بن يوسف … بن أبي زيد الحسني المسكناسي السكندري」から1段ずらして復元。corpus に本伝なし・ID-Master 未登録。	
熊倉	Person	عبد الرحيم بن محمد الموصلي الدمشقي	ʿAbd al-Raḥīm b. Muḥammad al-Mawṣilī al-Dimashqī	TMP-P-001187	出現: D07643（父・詩句の伝承元。「روى عن أبيه قوله مضاهيا للزيدونية」）。見出しナサブから復元。ウマイヤ・モスクのムアッズィン محمد（D07643）の父。corpus に本伝なし・ID-Master 未登録。⚠汎用名。同名別人への流用禁止。 【裁定反映 2026-09-24・要判断_B88 §M-7】corpus 原本 42937行の $$$ 見出し「عبد الرحيم بن محمد الموصلي الأصل الدمشقي . أظنه محمد بن عبد الرحيم لكن عبارة مستدعيه موهمة」は本番号の人物（または子 D07643 との取り違え）に関わる可能性がある。	
熊倉	Person	يوسف بن أبي الفتح كاتب المماليك	Yūsuf b. Abī al-Fatḥ kātib al-mamālīk	TMP-P-001189	出現: D07647（「باشر نيابة النظر فيه عن كاتب المماليك يوسف بن أبي الفتح」＝本項主が代理を務めた上位者）。マムルーク登録書記（كاتب المماليك=TMP-O-00028）。corpus に本伝なし・ID-Master 未登録。⚠D00350 の الفاقوسي 家「يوسف بن أبي الفتح」（祖先名）とは別人。	
熊倉	Person	الشمس عبد الرزاق بن عبد الله ابن أبي كم	al-Shams ʿAbd al-Razzāq b. ʿAbd Allāh Ibn Abī Kamm	TMP-P-001190	出現: D07648（父。「العلم أبو الخير بن الشمس أخي الصاحب العلم يحيى بن أبي كم」）。宰相 العلم يحيى بن عبد الله أبوكم=#AIND-D10257 の兄弟、孫 يحيى=#AIND-D10302。見出しナサブから復元。corpus に本伝なし・ID-Master 未登録。	
熊倉	Person	عبد السلام بن أبي الفتح محمد بن التقي محمد بن عبد السلام الكازروني المدني (ابن تقي)	ʿAbd al-Salām b. Abī al-Fatḥ Muḥammad b. al-Taqī Muḥammad al-Kāzarūnī al-Madanī (Ibn Taqī)	TMP-P-001191	出現: D07659（父）。見出しナサブ「محمد بن عبد السلام بن أبي الفتح محمد أبو الفضل الكازروني المدني ويعرف بابن تقي」から1段ずらして復元（統一規則3）。マディーナのカーザルーニー家（ابن تقي）: 曾祖父 التقي محمد بن عبد السلام بن محمد بن روزبة＝#AIND-D07660（815年没「والد المحمدين فتح الدين وأبي حامد」）、祖父＝فتح الدين أبو الفتح محمد。同家の #AIND-D01529・#AIND-D10861（ともに「ابن تقي」）参照。corpus に本伝なし・ID-Master 未登録（既登録 P-000141／000438／000439／000861／000873 の الكازروني 各人は別人）。	
熊倉	Person	عبد السلام بن محمد بن عبد العزيز المدني	ʿAbd al-Salām b. Muḥammad b. ʿAbd al-ʿAzīz al-Madanī	TMP-P-001192	出現: D07661（父）。見出しナサブ「محمد بن عبد السلام بن محمد بن عبد العزيز المدني سبط علي البواب」から1段ずらして復元（統一規則3）。corpus に本伝なし・ID-Master 未登録。⚠汎用名（名＋父名＋ニスバのみ）。同名別人への流用禁止。	
熊倉	Person	عبد العزيز بن أحمد بن قاسم التميمي المغربي الأصل المدني (ابن قاسم)	ʿAbd al-ʿAzīz b. Aḥmad b. Qāsim al-Tamīmī al-Maghribī al-Madanī (Ibn Qāsim)	TMP-P-001193	出現: D07666（父）。見出しナサブ「محمد بن عبد العزيز بن أحمد بن قاسم ناصر الدين أبو الفرج التميمي المغربي الأصل المدني المالكي … ويعرف بابن قاسم」から1段ずらして復元（統一規則3）。corpus に本伝なし・ID-Master 未登録。⚠既登録 TMP-P-001140「عبد العزيز بن أحمد المدني」（#AIND-D07671 の父、الحنفي الخواص）は法学派・一族が異なる別人。	
熊倉	Person	عبد اللطيف البرلسي السكندري	ʿAbd al-Laṭīf al-Burullusī al-Sakandarī	TMP-P-001194	出現: D07739（父）。アレクサンドリアの商人一族の父。子＝#AIND-D07739（محمد、881年没）・#AIND-D05246（علي、887年マッカ没）の2人が corpus に立項。corpus に本伝なし・ID-Master 未登録。⚠汎用名（名＋ニスバのみ）。同名別人への流用禁止。	
熊倉	Person	خليل بن الناصر (بائع بيت المنصور بن الظاهر جقمق)	Khalīl b. al-Nāṣir	TMP-P-001195	出現: D07739（家屋の売主「بيت المنصور بن الظاهر جقمق الذي صار إليه بعد خليل بن الناصر اشتراه منه حين تحول لدمياط」）。المنصور عثمان بن جقمق（#AIND-D04849）邸の所有者で、ダミエッタへ転居した際に本項主へ売却。「الناصر」は الناصري محمد بن الظاهر جقمق（المنصور の兄）の可能性が高い（叔父の邸が甥に渡った経緯として整合）が未確定。corpus に他の言及なし・ID-Master 未登録。要判断 §Dg-9。	
熊倉	Person	عبد الله بن إبراهيم بن حمام الشامي	ʿAbd Allāh b. Ibrāhīm b. Hammām al-Shāmī	TMP-P-001196	出現: D07740（父）。見出しナサブ「محمد بن عبد الله بن إبراهيم بن حمام الشمس الشامي ثم المكي」から1段ずらして復元（統一規則3）。孫＝#AIND-D01366（أحمد … بن حمام）・#AIND-D08857（أبو الفتح محمد … بن حمام）。corpus に本伝なし・ID-Master 未登録。	
熊倉	Person	الجمال عبد الله بن البرهان إبراهيم بن عبد الرحمن بن علي بن سنان بن رميح السعدي القاهري	al-Jamāl ʿAbd Allāh b. al-Burhān Ibrāhīm b. ʿAbd al-Raḥmān al-Saʿdī al-Qāhirī	TMP-P-001197	出現: D07742（父、cert medium）。本項主「محمد أخو الذي قبله」（791年生）の兄 #AIND-D07741（محمد بن عبد الله بن إبراهيم بن عبد الرحمن بن علي بن سنان بن رميح محي الدين أبو نافع بن الجمال بن البرهان السعدي القاهري الشافعي ويعرف بالأزهري وبابن الريفي、789年生）の見出しナサブから1段ずらして復元。D07741 側（担当外）にも同じ番号を充当すべき。corpus の عبد الله بن إبراهيم 部（D04374〜D04379）に本伝なし・ID-Master 未登録。	
熊倉	Person	عبد الله بن إبراهيم المسوفي	ʿAbd Allāh b. Ibrāhīm al-Masūfī	TMP-P-001198	出現: D07744（父「وقدم مع أبيه المدينة وهو ابن سنتين أو ثلاث」）。マスーファ出自で829／830年頃に子（#AIND-D07744、827年生）を伴ってマディーナへ移住。孫＝#AIND-D08856（محمد بن محمد بن عبد الله بن إبراهيم الشمس بن الشمس المسوفي الأصل المدني المالكي）。corpus に本伝なし・ID-Master 未登録。⚠汎用名（名＋父名＋ニスバのみ）。同名別人への流用禁止。	
熊倉	Person	عبد الله بن أحمد الحضرمي	ʿAbd Allāh b. Aḥmad al-Ḥaḍramī	TMP-P-001199	出現: D07755（父）。見出しナサブ「محمد بن عبد الله بن أحمد الحضرمي」から1段ずらして復元（統一規則3）。corpus に本伝なし・ID-Master 未登録。⚠汎用名（名＋父名のみで識別要素がニスバのみ）。同名別人への流用禁止。 【裁定反映 2026-09-24・検証 L-1】本伝候補（未確定）: #AIND-D04408（عبد الله بن أحمد بن محمد بن عمر … الحضرمي … نزيل مكة）／#AIND-D04401（أبو مخرمة）。	
熊倉	Person	عبد الله بن أحمد الخانكي البلبيسي الأصل (ابن التاجر)	ʿAbd Allāh b. Aḥmad al-Khānkī al-Bilbīsī	TMP-P-001200	出現: D07756（父）。見出し「محمد بن عبد الله بن أحمد الخانكي البلبيسي الأصل ويعرف بابن التاجر」から1段ずらして復元（統一規則3）。corpus に本伝なし・ID-Master 未登録。corpus の別の ابن التاجر 家（#AIND-D08183／D08184、بنو علي بن محمد、索引 D12206）とは父名が異なる。⚠汎用名。同名別人への流用禁止。	
熊倉	Person	جمال الدين عبد الله بن بكتمر الحاجب	Jamāl al-Dīn ʿAbd Allāh b. Baktamur al-Ḥājib	TMP-P-001201	出現: D07758（父）。ابن الحاجب 家（バーブ・アン＝ナスルのマドラサ創建者 بكتمر الحاجب＝TMP-P-001108 の子）。corpus に本伝なし（#AIND-D12883「ألف ابنة عبد الرحيم بن الناصري محمد بن الجمال عبد الله بن بكتمر الحاجب」・#AIND-D10428「الجمالي عبد الله بن بكتمر الحاجب صاحب الأوقاف الكثيرة والمدرسة … خارج باب النصر」・索引 D12243 に言及）。ID-Master 未登録。なお本項主（ناصر الدين محمد بن جمال الدين عبد الله）は TMP-P-001107 として登録済み＝AIND-D07758 に名寄せ要（ISSUES §Dh-3）。	
熊倉	Person	عبد الله بن بلال (والد محمد وأحمد وإسحاق الفراشين بالمسجد الحرام)	ʿAbd Allāh b. Bilāl	TMP-P-001202	出現: D07762（父）。#AIND-D00889（أحمد）・#AIND-D01899（إسحاق）の父でもある（両ファイルには父 relation 未設定＝統合時に同番号で補うこと）。マッカ聖モスクの فراش・وقاد 一族（祖 بلال＝TMP-P-000958、#AIND-D04583・D00911 の同族）。corpus に本伝なし・ID-Master 未登録。⚠汎用名。同名別人への流用禁止。 【裁定反映 2026-09-24】#AIND-D00889・#AIND-D01899 にも father relation として付与済み（要判断_B88 §R-6）。	
熊倉	Person	عبد الله بن حسن بن المواز	ʿAbd Allāh b. Ḥasan b. al-Mawwāz	TMP-P-001203	出現: D07768（父）。見出し「محمد بن عبد الله بن حسن بن المواز」から1段ずらして復元（統一規則3）。corpus に本伝なし・ID-Master 未登録。corpus の حسن المواز（#AIND-D02518 الدمياطي、752生）とは世代が合わず別人とみられる。⚠汎用名。同名別人への流用禁止。	
熊倉	Person	العفيف عبد الله بن حسين بن عبد الرحمن الأهدل الحسني اليماني	al-ʿAfīf ʿAbd Allāh b. Ḥusayn b. ʿAbd al-Raḥmān al-Ahdal	TMP-P-001204	出現: D07769（父、「الجمال أبو عبد الله بن العفيف … حفيد البدر الأهدل」）。البدر الأهدل（#AIND-D02702／索引 #AIND-D11169）の子。D11169「وله أولاد منهم … والعفيف عبد الله ومحمد وهما حيان في سنة ثلاث وتسعين … ولعبد الله الجمال محمد أحد الآخذين عني في الأحياء」により本項主の父と確定。893 年時点で存命。corpus に本伝なし・ID-Master 未登録。	
熊倉	Person	عبد الله بن حسين النويري	ʿAbd Allāh b. Ḥusayn al-Nuwayrī	TMP-P-001205	出現: D07770（父）。見出し「محمد بن عبد الله بن حسين الشمس النويري ثم القاهري الشافعي」から1段ずらして復元（統一規則3）。corpus に本伝なし・ID-Master 未登録。⚠汎用名。同名別人への流用禁止。	
熊倉	Person	عبد الله بن سعيد الكلبشاوي	ʿAbd Allāh b. Saʿīd al-Kalbashāwī	TMP-P-001206	出現: D07775（父）。見出し「محمد بن عبد الله بن سعيد الشمس الكلبشاوي الخطيب」から1段ずらして復元（統一規則3）。corpus に本伝なし・ID-Master 未登録。既登録 TMP-P-000871（التاج محمد الكلبشاوي قاضي كلبشا وخطيبها）とは名が異なる。⚠汎用名。同名別人への流用禁止。	
熊倉	Person	عبد الله بن محمد بن الحسين بن علي بن إسحق بن سلام الدمشقي (ابن سلام)	ʿAbd Allāh b. Muḥammad b. al-Ḥusayn b. ʿAlī b. Isḥāq b. Sallām al-Dimashqī (Ibn Sallām)	TMP-P-001207	出現: D07776（父）。兄 #AIND-D05253（علي بن عبد الله بن محمد بن الحسين بن علي بن إسحق بن سلام … العلاء أبو الحسن الدمشقي الشافعي ويعرف بابن سلام بالتشديد、829没）の見出しから復元。corpus に本伝なし・ID-Master 未登録。D05253 収録時に同番号で父 relation を置くこと。	
熊倉	Person	عبد الله بن شوعان الزبيدي	ʿAbd Allāh b. Shawʿān al-Zabīdī	TMP-P-001209	出現: D07779（父）。見出し「محمد بن عبد الله بن شوعان الزبيدي الحنفي」から1段ずらして復元（統一規則3）。初版の汚染番号 TMP-P-000490（الزهري の祖父 عبد الله）を破棄。corpus に本伝なし・ID-Master 未登録。⚠汎用名。同名別人への流用禁止。※D07779 が #AIND-D08398／D08312（محمد بن عمر بن شوعان）と同一人物なら父は عمر（ISSUES §Dh-8）。	
熊倉	Person	عبد الله بن عبد الكريم (والد محمد تشن البناء المكي)	ʿAbd Allāh b. ʿAbd al-Karīm	TMP-P-001210	出現: D07791（父）。見出し「محمد بن عبد الله بن عبد الكريم البناء الشهير بتشن」から1段ずらして復元（統一規則3）。corpus に本伝なし・ID-Master 未登録。⚠汎用名（識別要素は「تشن の父」のみ）。同名別人への流用禁止。 【裁定反映 2026-09-24・検証 L-2】上記「識別要素は تشن の父のみ」は不正確: #AIND-D03660「عبد الرحمن بن عبد الله بن عبد الكريم البنا . مات بمكة في جمادى الأولى سنة ستين」が D07791 の兄弟とみられ、D03660 収録時は同番号を父に共有すること。	
熊倉	Person	عبد الله بن عبد الله الدمشقي الحنبلي	ʿAbd Allāh b. ʿAbd Allāh al-Dimashqī al-Ḥanbalī	TMP-P-001211	出現: D07792（父）。見出し「محمد بن عبد الله بن عبد الله الشمس أبو عبد الله ثم الدمشقي الحنبلي」から1段ずらして復元（統一規則3）。corpus に本伝なし・ID-Master 未登録。⚠汎用名。同名別人への流用禁止。	
熊倉	Person	نفيسة ابنة إبراهيم بن أبي بكر بن عبد المعطي العصامي الزبيدية	Nafīsa bt. Ibrāhīm b. Abī Bakr b. ʿAbd al-Muʿṭī al-ʿIṣāmī al-Zabīdiyya	TMP-P-001212	出現: D07759（母、「أمه زبيدية وهي نفيسة ابنة إبراهيم بن أبي بكر بن عبد المعطي العصامي」）。#AIND-D04429（عبد الله بن أبي بكر بن ظهيرة、ザビード在住）の妻。固有名＋3代ナサブ＋ニスバで識別可のため規則12により発行。corpus に本伝なし・ID-Master 未登録（ニスバ العصامي＝TMP-N-02153 のみ）。	
熊倉	Subject	بحث | المباحثة	baḥatha | al-mubāḥatha	TMP-S-00074	出現: D07445（「وبحث على قاضي بلده التاج عتيق」）。伝授方法：討究（バハス）。ID-Master の Subject 一覧に該当なし。corpus で「بحث على」は頻出（D07204「بحث مواضع متفرقة منه على」等）	
熊倉	Subject	الشروط	al-Shurūṭ	TMP-S-00075	出現: D07448（分野「وكذا في الشروط أخذهما عن شعبان」）。公証文書学（シュルート）。ID-Master 未登録（ニスバ الشروطي N-02609 のみ）	
熊倉	Text	صلحاء اليمن | طبقات صلحاء اليمن	Ṣulaḥāʾ al-Yaman	TMP-T-00184	出現: D04532（「ذكره صاحب صلحاء اليمن」）。corpus に L20097／L47817／L48901／L71497／L79322／L103289／L111614 でも言及されるイエメンの聖者伝集。著者は corpus 上 الكمال موسى الدوالي（#AIND-D10050、「أطال ترجمته في صلحاء اليمن من تأليفه」）と同人の師（「اختصر مؤلف شيخه في صلحاء اليمن」）の両様に読め未確定（ISSUES §Da-6）。ID-Master 未登録。	
熊倉	Text	حديث زهير العشاري	Ḥadīth Zuhayr al-ʿUshārī	TMP-T-00185	出現: D07461（サハーウィーからの聴聞対象「سمع مني هو وأبوه المسلسل وحديث زهير العشاري」）。corpus で D01230・D02564・D03192・D04038・D04405 にも同名で出現（いずれもサハーウィーの伝授書目）。既存 المائة العشاريات(T-00103) とは別。ID-Master 未登録。初版は #NEEDID	
熊倉	Text	أمالي الولي العراقي	Amālī al-Walī al-ʿIrāqī	TMP-T-00186	出現: D07473（「سمع في أماليه」）。الولي أبو زرعة العراقي（#AIND-D00844）の口述録。既存 أمالي البلقيني(T-00008)・الأمالي(T-00030＝サハーウィー自身) とは別。ID-Master 未登録。初版は #NEEDID	
熊倉	Text	فضل الرمي للقراب | فضل الرمي في سبيل الله	Faḍl al-ramy li-l-Qarrāb	TMP-T-00187	出現: D07489（「سمع على الشهاب أحمد بن عبد العزيز بن المرحل فضل الرمي للقراب」）。著者 أبو الحسن إسحاق بن إبراهيم القراب（没429）のハディース書『فضائل الرمي في سبيل الله』。ID-Master 未登録（القراباقي N-04188 は無関係）。	
熊倉	Text	المائة لابن تيمية | المائة المنتقاة لابن تيمية	al-Miʾa li-Ibn Taymiyya	TMP-T-00188	出現: D07514（「فقرأت عليه المائة لابن تيمية منه مع ختمه」＝صحيح البخاري からの選抜百伝）。corpus L2184「قرأت عليه ببعلبك المائة لابن تيمية」、L35520／L39935「المائة المنتقاة لابن تيمية」にも出現（repo D10060b は ref なしで bibl 記載）。既登録 T-00103「المائة العشاريات」・T-00175「المائة المستقاة من مشيخة الفخر」とは別テキスト。ID-Master 未登録。	
熊倉	Text	شرح لامية ابن مالك (لمحمد بن العباس المغربي مفتي تلمسان)	Sharḥ Lāmiyyat Ibn Mālik (li-Muḥammad b. al-ʿAbbās al-Maghribī)	TMP-T-00190	出現: D07516（「له تصانيف منها شرح لامية ابن ملك」）。著者＝本項主 #AIND-D07516（871年没）。先例 TMP-T-00168／00136（著作と注釈対象を別番号で登録）に倣う。ID-Master 未登録。	
熊倉	Text	ثلاثيات مسند أحمد	Thulāthiyyāt Musnad Aḥmad	TMP-T-00191	出現: D07639（「أسمع على الشمس الشامي ثلاثيات مسند أحمد وغيرها」）。『ムスナド・アフマド』の三伝承者ハディース集。汎称 الثلاثيات(TMP-T-00018)・ثلاثيات البخاري(TMP-T-00183)・ثلاثيات الدارمي(TMP-T-00124) と同方式で分離。ID-Master 未登録。	
熊倉	Text	النقاية	al-Nuqāya	TMP-T-00192	出現: D07623（「ويقال إنه حفظ النقاية」）。ハナフィー派法学の綱要（『النقاية مختصر الوقاية』）。corpus では D09828「حفظ القرآن والنقاية في الفقه」等にも出現。ID-Master 未登録。	
熊倉	Person	التقي ابن تيمية | تقي الدين أحمد بن عبد الحليم ابن تيمية	al-Taqī Ibn Taymiyya	wd:Q491558	Waka 照合 2026-09-24（B88 D07792）。旧 wd:Q311637 は誤り	
熊倉	Institution	خانقاه فرج بن برقوق | التربة الظاهرية | التربة الظاهرية برقوق	Khānqāh Faraj b. Barqūq (Mosque and Khanqah of Farag ibn Barquq)	wd:Q56284343	Waka 照合 2026-09-24。カイロ北墓地。バルクークの墓所を含む。B88 D07644 の TMP-I-00174 は取り下げ、D02478 も使用	
熊倉	Text	لامية الأفعال | لامية ابن مالك	Lāmiyyat al-Afʿāl (Ibn Mālik)	wd:Q115616574	Waka 照合 2026-09-24（B88 D07516）。TMP-T-00189 は取り下げ	
